"id, name, release year, developer, publisher, img_url, src_url, genres, description"
1000,The 11th Hour,1997,[Trilobyte],[Trilobyte],https://en.wikipedia.org/wiki/File:The_11th_Hour_Coverart.png,https://en.wikipedia.org/wiki/The_11th_Hour_(video_game),Adventure,description
1001,3 in Three[2],1989,[Cliff Johnson/Cinemaware],[Cliff Johnson/Cinemaware],,https://en.wikipedia.org/wiki/3_in_Three,Puzzle,description
1002,3-D Ultra NASCAR Pinball,1999,[Sierra On-Line],[Sierra On-Line],,https://en.wikipedia.org/wiki/3-D_Ultra_Pinball,Arcade/pinball,description
1003,3-D Ultra Pinball,1995,[Sierra On-Line],[Sierra On-Line],,https://en.wikipedia.org/wiki/3-D_Ultra_Pinball,Arcade/pinball,description
1004,3-D Ultra Pinball: Creep Night,1996,[Sierra On-Line],[Sierra On-Line],,https://en.wikipedia.org/wiki/3-D_Ultra_Pinball,Arcade/pinball,description
1005,3-D Ultra Pinball: The Lost Continent,1997,[Sierra On-Line],[Sierra On-Line],,https://en.wikipedia.org/wiki/3-D_Ultra_Pinball,Arcade/pinball,description
1006,3-D Ultra Pinball: Power!,2000,[Sierra On-Line],[Sierra On-Line],,https://en.wikipedia.org/wiki/3-D_Ultra_Pinball,Arcade/pinball,description
1007,3-D Ultra Pinball: Thrillride,2000,[Sierra On-Line],[Sierra On-Line],,https://en.wikipedia.org/wiki/3-D_Ultra_Pinball,Arcade/pinball,description
1008,4-D Boxing,1991,[Distinctive Software],[Distinctive Software],https://en.wikipedia.org/wiki/File:4D_Sports_Boxing_cover.png,https://en.wikipedia.org/wiki/4-D_Boxing,Sports,description
1009,4x4 EVO,2000,[Gathering of Developers],[Gathering of Developers],https://en.wikipedia.org/wiki/File:4x4_Evolution_DC.jpg,https://en.wikipedia.org/wiki/4x4_EVO,Racing,description
1010,4x4 EVO 2,2002,[Aspyr Media],[Aspyr Media],https://en.wikipedia.org/wiki/File:4x4_EVO_2_Coverart.png,https://en.wikipedia.org/wiki/4x4_EVO_2,Racing,description
1011,The 7th Guest[4],1994,[Trilobyte],[Trilobyte],https://en.wikipedia.org/wiki/File:The_7th_Guest_-_cover.jpg,https://en.wikipedia.org/wiki/The_7th_Guest,Adventure,description
1012,9: The Last Resort,1996,[Tribeca Interactive],[Tribeca Interactive],https://en.wikipedia.org/wiki/File:9_-_The_Last_Resort_Coverart.png,https://en.wikipedia.org/wiki/9:_The_Last_Resort,Adventure,description
1013,A-10 Attack!,1995,[Parsoft Interactive],[Parsoft Interactive],https://en.wikipedia.org/wiki/File:A-10_Attack!_cover_art.jpg,https://en.wikipedia.org/wiki/A-10_Attack!,Flight simulator,description
1014,A-10 Cuba!,1996,[Parsoft Interactive],[Parsoft Interactive],https://en.wikipedia.org/wiki/File:A-10_Cuba!_Coverart.png,https://en.wikipedia.org/wiki/A-10_Cuba!,Flight simulator,description
1015,A-Train[5],1992,[Maxis],[Maxis],https://en.wikipedia.org/wiki/File:Atraincover.jpg,https://en.wikipedia.org/wiki/A-Train,Simulation,description
1016,Absolute Zero,1995,[Domark],[Domark],https://en.wikipedia.org/wiki/File:Absolute_Zero_Coverart.jpg,https://en.wikipedia.org/wiki/Absolute_Zero_(video_game),First-person shooter,description
1017,Abuse,1996,[Crack Dot Com],[Crack Dot Com],https://en.wikipedia.org/wiki/File:Abuse_Coverart.png,https://en.wikipedia.org/wiki/Abuse_(video_game),Platformer,description
1018,Actua Soccer (VR Soccer),1996,[Gremlin Interactive],[Gremlin Interactive],https://en.wikipedia.org/wiki/File:Actua_Soccer_DOS_Cover.jpg,https://en.wikipedia.org/wiki/Actua_Soccer,Sports,description
1019,Adventure!,1988,[Epiboly Software],[Epiboly Software],,https://en.wikipedia.org/wiki/Adventure!,Interactive fiction,description
1020,Afterlife,1996,[LucasArts],[LucasArts],https://en.wikipedia.org/wiki/File:Afterlife_cover.gif,https://en.wikipedia.org/wiki/Afterlife_(video_game),God game,description
1021,Age of Empires,1997,[MacSoft],[MacSoft],https://en.wikipedia.org/wiki/File:Aoe_fuchs.png,https://en.wikipedia.org/wiki/Age_of_Empires,Real-time strategy,description
1022,Age of Empires II: Gold Edition,1999,[MacSoft],[MacSoft],https://en.wikipedia.org/wiki/File:Age_of_Empires_II_-_The_Age_of_Kings_Coverart.png,https://en.wikipedia.org/wiki/Age_of_Empires_II:_The_Age_of_Kings,Real-time strategy,description
1023,Age of Mythology,2002,[MacSoft],[MacSoft],https://en.wikipedia.org/wiki/File:Age_of_Mythology_Liner.jpg,https://en.wikipedia.org/wiki/Age_of_Mythology,Real-time strategy,description
1024,Air Traffic Controller,1992,[Walter J. Biess],[Walter J. Biess],https://en.wikipedia.org/wiki/File:Air_Traffic_controller_DS_video_game_cover.jpg,https://en.wikipedia.org/wiki/Air_Traffic_Controller_(video_game),Flight simulation,description
1025,Airburst,2001,[Strange Flavour],[Strange Flavour],,https://en.wikipedia.org/wiki/Airburst,Action,description
1026,Al Unser Jr. Arcade Racing,1995,[Kalisto],[Kalisto],https://en.wikipedia.org/wiki/File:Al_Unser_Jr_Arcade_Racing_PC_cover.jpg,https://en.wikipedia.org/wiki/Al_Unser_Jr._Arcade_Racing,Racing,description
1027,Alchemy,2001,[PopCap Games],[PopCap Games],,https://en.wikipedia.org/wiki/Alchemy_(game),Puzzle,description
1028,Aleph One,2000,[Bungie],[Bungie],https://en.wikipedia.org/wiki/File:Maratrilogy.jpg,https://en.wikipedia.org/wiki/Aleph_One_(game_engine),First-person shooter,description
1029,Sid Meier's Alien Crossfire,2000,[Firaxis Games],[Firaxis Games],https://en.wikipedia.org/wiki/File:Alpha_Centauri_cover.jpg,https://en.wikipedia.org/wiki/Sid_Meier%27s_Alien_Crossfire,Turn-based strategy,description
1030,Aliens versus Predator,1999,[MacPlay],[MacPlay],https://en.wikipedia.org/wiki/File:AvP1.jpg,https://en.wikipedia.org/wiki/Aliens_versus_Predator_(1999_video_game),First-person shooter,description
1031,Aliens versus Predator 2,2001,[MacPlay],[MacPlay],https://en.wikipedia.org/wiki/File:Aliens_vs._Predator_2_Box_Cover.jpg,https://en.wikipedia.org/wiki/Aliens_versus_Predator_2,First-person shooter,description
1032,Allied General,1995,[Strategic Simulations, Inc.],[Strategic Simulations, Inc.],https://en.wikipedia.org/wiki/File:AG_box_art_Gamershell.jpeg,https://en.wikipedia.org/wiki/Allied_General,Turn-based strategy,description
1033,Alone in the Dark,1994,[Infogrames],[Infogrames],https://en.wikipedia.org/wiki/File:Alone_in_the_Dark_boxart.jpg,https://en.wikipedia.org/wiki/Alone_in_the_Dark_(1992_video_game),Survival horror,description
1034,Alone in the Dark 2,1996,[Infogrames],[Infogrames],https://en.wikipedia.org/wiki/File:Alone_in_the_Dark_2_Coverart.png,https://en.wikipedia.org/wiki/Alone_in_the_Dark_2,Survival horror,description
1035,Alone in the Dark 3,1996,[Infogrames],[Infogrames],https://en.wikipedia.org/wiki/File:Alone_in_the_Dark_3_cover.jpg,https://en.wikipedia.org/wiki/Alone_in_the_Dark_3,Survival horror,description
1036,Sid Meier's Alpha Centauri,1999,[Aspyr Media],[Aspyr Media],https://en.wikipedia.org/wiki/File:Alpha_Centauri_cover.jpg,https://en.wikipedia.org/wiki/Sid_Meier%27s_Alpha_Centauri,Turn-based strategy,description
1037,Alter Ego,1986,[Activision],[Activision],https://en.wikipedia.org/wiki/File:Alter-ego-front-cover.jpg,https://en.wikipedia.org/wiki/Alter_Ego_(1986_video_game),Simulation,description
1038,Alternate Reality: The City,1985,[DataSoft],[DataSoft],https://en.wikipedia.org/wiki/File:Alternate_Reality_-_The_City_Coverart.png,https://en.wikipedia.org/wiki/Alternate_Reality:_The_City,RPG,description
1039,Alternate Reality: The Dungeon,1987,[DataSoft],[DataSoft],https://en.wikipedia.org/wiki/File:Alternate_Reality_-_The_Dungeon_Coverart.png,https://en.wikipedia.org/wiki/Alternate_Reality:_The_Dungeon,RPG,description
1040,The Amazon Trail,1994,[MECC],[MECC],https://en.wikipedia.org/wiki/File:AmazonCoverArt.jpg,https://en.wikipedia.org/wiki/The_Amazon_Trail,Educational,description
1041,Amazon Trail II,1996,[MECC],[MECC],https://en.wikipedia.org/wiki/File:Amazon_Trail_II_Cover_art.jpg,https://en.wikipedia.org/wiki/Amazon_Trail_II,Educational,description
1042,American McGee's Alice,2000,[Aspyr Media],[Aspyr Media],https://en.wikipedia.org/wiki/File:American_McGee_Alice_cover.png,https://en.wikipedia.org/wiki/American_McGee%27s_Alice,Action/fantasy,description
1043,The Ancient Art of War,1984,[Evryware],[Evryware],https://en.wikipedia.org/wiki/File:Ancient_Art_of_War_Cover.jpg,https://en.wikipedia.org/wiki/The_Ancient_Art_of_War,Real-time strategy,description
1044,Angel Devoid: Face of the Enemy,1996,[Mindscape],[Mindscape],https://en.wikipedia.org/wiki/File:Angel_Devoid_-_Face_of_the_Enemy.jpg,https://en.wikipedia.org/wiki/Angel_Devoid:_Face_of_the_Enemy,Adventure/action,description
1045,Another World (Out of This World)[8],1991,[Eric Chahi],[Eric Chahi],https://en.wikipedia.org/wiki/File:Another_World_Coverart.png,https://en.wikipedia.org/wiki/Another_World_(video_game),Platformer,description
1046,Apache Longbow,1995,[Digital Integration],[Digital Integration],https://en.wikipedia.org/wiki/File:Apache_Coverart.jpg,https://en.wikipedia.org/wiki/Apache_Longbow_(video_game),Flight simulator,description
1047,Apache Strike,1987,n/a,n/a,https://en.wikipedia.org/wiki/File:Apache_Strike_Coverart.png,https://en.wikipedia.org/wiki/Apache_Strike,n/a,description
1048,Apeiron,1995,[Ambrosia Software],[Ambrosia Software],https://en.wikipedia.org/wiki/File:Apeiron_icon.png,https://en.wikipedia.org/wiki/Apeiron_(video_game),Arcade,description
1049,Ares,2001,[Ambrosia Software],[Ambrosia Software],https://en.wikipedia.org/wiki/File:Ares_Logo.png,https://en.wikipedia.org/wiki/Ares_(video_game),Strategy,description
1050,Arkanoid,1988,[Taito],[Taito],https://en.wikipedia.org/wiki/File:Arkanoid_arcadeflyer.png,https://en.wikipedia.org/wiki/Arkanoid,Arcade,description
1051,Armagetron Advanced,2001,[Armagetronad.net],[Armagetronad.net],,https://en.wikipedia.org/wiki/Armagetron_Advanced,Arcade,description
1052,Armor Alley,1990,[Information Access Technologies],[Information Access Technologies],https://en.wikipedia.org/wiki/File:Armor_Alley.jpg,https://en.wikipedia.org/wiki/Armor_Alley,Action,description
1053,Around the World In 80 Days,1994,[Novotrade International],[Novotrade International],https://en.wikipedia.org/wiki/File:AroundWorld80D_GBAcover.jpg,https://en.wikipedia.org/wiki/Around_the_World_in_80_Days_(video_game),Adventure,description
1054,Arthur: The Quest for Excalibur,1989,[Infocom],[Infocom],https://en.wikipedia.org/wiki/File:Infocom_Arthur_box_art.jpg,https://en.wikipedia.org/wiki/Arthur:_The_Quest_for_Excalibur,Interactive fiction,description
1055,At the Carnival[10],1989,[Cliff Johnson],[Cliff Johnson],https://en.wikipedia.org/wiki/File:At_the_Carnival_Coverart.png,https://en.wikipedia.org/wiki/At_the_Carnival,Puzzle,description
1056,Ataxx,1992,[Larry Kepko],[Larry Kepko],https://en.wikipedia.org/wiki/File:Ataxx_JP_box_art.jpg,https://en.wikipedia.org/wiki/Ataxx,Board game,description
1057,Atomino,1994,n/a,n/a,https://en.wikipedia.org/wiki/File:Atomion_cover_art_(Amiga).jpg,https://en.wikipedia.org/wiki/Atomino,Puzzle,description
1058,Autoduel,1985,[Origin Systems],[Origin Systems],https://en.wikipedia.org/wiki/File:C64AutoDuel-Preview.jpg,https://en.wikipedia.org/wiki/Autoduel,RPG,description
1059,Avara,1996,[Ambrosia Software],[Ambrosia Software],https://en.wikipedia.org/wiki/File:Avara_Logo.png,https://en.wikipedia.org/wiki/Avara,Action,description
1060,Avernum,2000,[Spiderweb Software],[Spiderweb Software],https://en.wikipedia.org/wiki/File:Avernum_Series_Logo.gif,https://en.wikipedia.org/wiki/Avernum_(series)#Avernum,RPG,description
1061,Avernum 2,2000,[Spiderweb Software],[Spiderweb Software],https://en.wikipedia.org/wiki/File:Avernum_Series_Logo.gif,https://en.wikipedia.org/wiki/Avernum_(series)#Avernum_2,RPG,description
1062,Avernum 3,2002,[Spiderweb Software],[Spiderweb Software],https://en.wikipedia.org/wiki/File:Avernum_Series_Logo.gif,https://en.wikipedia.org/wiki/Avernum_(series)#Avernum_3,RPG,description
1063,Backyard Basketball,1997,[Humongous Entertainment],[Humongous Entertainment],https://en.wikipedia.org/wiki/File:Backyard_Basketball_playstation_2_video_game.jpg,https://en.wikipedia.org/wiki/Backyard_Basketball,Sports,description
1064,Backyard Baseball 2001,2000,[Infogrames/Atari],[Infogrames/Atari],https://en.wikipedia.org/wiki/File:Backyard_Baseball_Logo.png,https://en.wikipedia.org/wiki/Backyard_Baseball_2001,Sports,description
1065,Bad Day on the Midway,1995,[Inscape],[Inscape],https://en.wikipedia.org/wiki/File:Bad_Day_on_the_Midway_Coverart.png,https://en.wikipedia.org/wiki/Bad_Day_on_the_Midway,First-person adventure,description
1066,Ballyhoo,1985,[Infocom],[Infocom],https://en.wikipedia.org/wiki/File:Ballyhoo_box_art.jpg,https://en.wikipedia.org/wiki/Ballyhoo_(video_game),Interactive fiction,description
1067,Bard's Tale,1985,[Interplay Productions],[Interplay Productions],https://en.wikipedia.org/wiki/File:Bard%27s_Tale_Box_Cover.jpg,https://en.wikipedia.org/wiki/The_Bard%27s_Tale_(1985_video_game),RPG,description
1068,Barrack,1996,[Ambrosia Software],[Ambrosia Software],,https://en.wikipedia.org/wiki/Barrack_(video_game),Arcade,description
1069,Battle Beast,1995,[7th Level],[7th Level],https://en.wikipedia.org/wiki/File:BattleBeast.jpg,https://en.wikipedia.org/wiki/Battle_Beast_(video_game),Fighting,description
1070,Battle Squadron,1990,[Cope-Com],[Cope-Com],https://en.wikipedia.org/wiki/File:Battle_Squadron_cover_Genesis.jpg,https://en.wikipedia.org/wiki/Battle_Squadron,Shoot-em up,description
1071,Beach Head 2000,2000,[MacSoft],[MacSoft],https://en.wikipedia.org/wiki/File:Beach_Head_2000_box_art.jpg,https://en.wikipedia.org/wiki/Beach_Head_2000,Action,description
1072,Beach Head 2002,2002,[MacSoft],[MacSoft],https://en.wikipedia.org/wiki/File:Beach_Head_2002_Cover.jpg,https://en.wikipedia.org/wiki/Beach_Head_2002,Action,description
1073,BeamWars,1992,[Steve Crutchfield],[Steve Crutchfield],https://en.wikipedia.org/wiki/File:BeamWars--.png,https://en.wikipedia.org/wiki/BeamWars,Arcade,description
1074,Bejeweled Deluxe,2001,[PopCap Games],[PopCap Games],https://en.wikipedia.org/wiki/File:Bejeweled_cover.jpg,https://en.wikipedia.org/wiki/Bejeweled_Deluxe,Puzzle,description
1075,Bert,1982,[Gottlieb],[Gottlieb],https://en.wikipedia.org/wiki/File:Q*bert_arcade_cabinet.jpg,https://en.wikipedia.org/wiki/Bert_(game),Puzzle,description
1076,Beyond Dark Castle,1987,[Silicon Beach Software],[Silicon Beach Software],https://en.wikipedia.org/wiki/File:Beyond-Dark-Castle-cover-art.png,https://en.wikipedia.org/wiki/Beyond_Dark_Castle,Platforming,description
1077,Beyond Zork,1987,[Infocom],[Infocom],https://en.wikipedia.org/wiki/File:Beyond_Zork_game_box_cover.jpg,https://en.wikipedia.org/wiki/Beyond_Zork,Interactive fiction/RPG,description
1078,Black & White,2001,[Feral Interactive],[Feral Interactive],https://en.wikipedia.org/wiki/File:Black_%26_White_Coverart.png,https://en.wikipedia.org/wiki/Black_%26_White_(video_game),Action/simulation,description
1079,Blackthorne,1996,[Blizzard Entertainment],[Blizzard Entertainment],https://en.wikipedia.org/wiki/File:BlackthorneSNES.jpg,https://en.wikipedia.org/wiki/Blackthorne,Platformer,description
1080,Blades of Exile,1997,[Spiderweb Software],[Spiderweb Software],n/a,https://en.wikipedia.org/wiki/Blades_of_Exile,RPG,description
1081,Blood & Magic,1996,[Tachyon Studios],[Tachyon Studios],https://en.wikipedia.org/wiki/File:Blood_%26_Magic_Coverart.png,https://en.wikipedia.org/wiki/Blood_%26_Magic,Real-time strategy,description
1082,BloodRayne,2002,[Aspyr Media],[Aspyr Media],n/a,https://en.wikipedia.org/wiki/BloodRayne,Action-adventure,description
1083,Blue Ice,1995,[Art of Mind Productions],[Art of Mind Productions],https://en.wikipedia.org/wiki/File:Blue_Ice_Coverart.png,https://en.wikipedia.org/wiki/Blue_Ice_(video_game),Adventure,description
1084,Bolo,1987,[Stuart Cheshire],[Stuart Cheshire],n/a,https://en.wikipedia.org/wiki/Bolo_(1987_video_game),Tactical Shooter,description
1085,Border Zone,1987,[Infocom],[Infocom],https://en.wikipedia.org/wiki/File:Border_Zone_Coverart.png,https://en.wikipedia.org/wiki/Border_Zone,Interactive fiction,description
1086,Brataccas,1986,[Psygnosis],[Psygnosis],https://en.wikipedia.org/wiki/File:Brataccas_cover.png,https://en.wikipedia.org/wiki/Brataccas,Adventure,description
1087,Bridge Construction Set,2000,[Chronic Logic],[Chronic Logic],n/a,https://en.wikipedia.org/wiki/Bridge_Construction_Set,Puzzle,description
1088,Broken Sword: The Shadow of the Templars,1996,[Revolution Software],[Revolution Software],https://en.wikipedia.org/wiki/File:Broken_Sword_1_cover.png,https://en.wikipedia.org/wiki/Broken_Sword:_The_Shadow_of_the_Templars,Adventure,description
1089,Bubble Trouble,1996,[Ambrosia Software],[Ambrosia Software],n/a,https://en.wikipedia.org/wiki/Bubble_Trouble_(1996_video_game),Action,description
1090,Bugdom,1999,[Pangea Software],[Pangea Software],https://en.wikipedia.org/wiki/File:Bugdom.jpg,https://en.wikipedia.org/wiki/Bugdom,Arcade,description
1091,Bumbler Bee-Luxe,1997,[Dadgum Games],[Dadgum Games],n/a,https://en.wikipedia.org/wiki/Bumbler_Bee-Luxe,Arcade,description
1092,Bureaucracy,1987,[Infocom],[Infocom],https://en.wikipedia.org/wiki/File:Bureaucracy_box_art.jpg,https://en.wikipedia.org/wiki/Bureaucracy_(video_game),Interactive fiction,description
1093,Burn:Cycle,1994,[TripMedia],[TripMedia],https://en.wikipedia.org/wiki/File:Burn_Cycle_cover.png,https://en.wikipedia.org/wiki/Burn:Cycle,Puzzle,description
1094,BZFlag,2002,[bzflag.org],[bzflag.org],,https://en.wikipedia.org/wiki/BZFlag,Vehicle combat,description
1095,Caesar,1993,[Sierra],[Sierra],https://en.wikipedia.org/wiki/File:Caesar_Coverart.png,https://en.wikipedia.org/wiki/Caesar_(video_game),City-building,description
1096,Caesar III,1999,[Sierra],[Sierra],https://en.wikipedia.org/wiki/File:Caeser_III_Coverart.jpg,https://en.wikipedia.org/wiki/Caesar_III,City-building,description
1097,Cap'n Magneto,1985,[Al Evans],[Al Evans],https://en.wikipedia.org/wiki/File:Cap%27n_Magneto_splash_screen.png,https://en.wikipedia.org/wiki/Cap%27n_Magneto,Adventure,description
1098,Carmageddon,1997,[Interplay],[Interplay],https://en.wikipedia.org/wiki/File:Carmageddon_box.jpg,https://en.wikipedia.org/wiki/Carmageddon,Racing,description
1099,Carmageddon II: Carpocalypse Now,1998,[Interplay],[Interplay],https://en.wikipedia.org/wiki/File:Carmageddon2Box.jpg,https://en.wikipedia.org/wiki/Carmageddon_II:_Carpocalypse_Now,Racing,description
1100,Carrier Command,1988,[Realtime Games],[Realtime Games],https://en.wikipedia.org/wiki/File:Spectrum_-_Carrier_Command.jpg,https://en.wikipedia.org/wiki/Carrier_Command,Simulation,description
1101,Casino Columns,1992,[Desmund Courtney],[Desmund Courtney],,https://en.wikipedia.org/wiki/HyperCard,Puzzle,description
1102,Casper Brainy Book,1995,[Knowledge Adventure],[Knowledge Adventure],https://en.wikipedia.org/wiki/File:Casper_Coverart.png,https://en.wikipedia.org/wiki/Casper_(video_game),Educational,description
1103,Championship Manager: Season 99/00,1999,[Feral Interactive],[Feral Interactive],https://en.wikipedia.org/wiki/File:This_is_cover_art_for_Championship_Manager_season_99-00.png,https://en.wikipedia.org/wiki/Championship_Manager:_Season_99/00,Simulation/sports,description
1104,Charge!,1993,[Leander Harding],[Leander Harding],,https://en.wikipedia.org/wiki/HyperCard,Arcade,description
1105,The Chessmaster 2000,1986,[Software Toolworks],[Software Toolworks],https://en.wikipedia.org/wiki/File:Chessmaster_2000_cover.png,https://en.wikipedia.org/wiki/The_Chessmaster_2000,Strategy,description
1106,The Chessmaster 3000,1994,[Software Toolworks],[Software Toolworks],https://en.wikipedia.org/wiki/File:Chessmaster_2000_cover.png,https://en.wikipedia.org/wiki/Chessmaster,Strategy,description
1107,The Chessmaster 4000,1996,[Mindscape],[Mindscape],https://en.wikipedia.org/wiki/File:Chessmaster_2000_cover.png,https://en.wikipedia.org/wiki/Chessmaster,Strategy,description
1108,Chessmaster 6000,1998,[Mindscape],[Mindscape],https://en.wikipedia.org/wiki/File:Chessmaster_2000_cover.png,https://en.wikipedia.org/wiki/Chessmaster,Strategy,description
1109,ChipWits,1984,[BrainPower],[BrainPower],https://en.wikipedia.org/wiki/File:ChipWits.jpg,https://en.wikipedia.org/wiki/ChipWits,Simulation,description
1110,Citadel: Adventure of the Crystal Keep,1989,"[Postcraft International, Inc.]","[Postcraft International, Inc.]",https://en.wikipedia.org/wiki/File:Citadel_Adventure_of_the_Crystal_Keep.jpg,https://en.wikipedia.org/wiki/Citadel:_Adventure_of_the_Crystal_Keep,RPG,description
1111,Citadel of the Dead,1994,[Affiliate Venture publishing],[Affiliate Venture publishing],https://en.wikipedia.org/wiki/File:Citadel_of_the_Dead_(Cover).jpg,https://en.wikipedia.org/wiki/Citadel_of_the_Dead,Role playing,description
1112,Sid Meier's Civilization,1991,[MicroProse],[MicroProse],https://en.wikipedia.org/wiki/File:Civilizationboxart.jpg,https://en.wikipedia.org/wiki/Civilization_(video_game),Turn-based strategy,description
1113,Sid Meier's Civilization II,1997,[MicroProse],[MicroProse],https://en.wikipedia.org/wiki/File:Civ2boxart.jpg,https://en.wikipedia.org/wiki/Civilization_II,Turn-based strategy,description
1114,Sid Meier's Civilization III,2001,[MicroProse/MacSoft],[MicroProse/MacSoft],https://en.wikipedia.org/wiki/File:Civilization_III_Coverart.png,https://en.wikipedia.org/wiki/Civilization_III,Turn-based strategy,description
1115,Civilization: Call to Power,1999,[Activision],[Activision],https://en.wikipedia.org/wiki/File:CTPopeningscreen.jpg,https://en.wikipedia.org/wiki/Civilization:_Call_to_Power,Turn-based strategy,description
1116,Clive Barker's Undying,2002,[Aspyr Media],[Aspyr Media],https://en.wikipedia.org/wiki/File:Undyingcover.jpg,https://en.wikipedia.org/wiki/Clive_Barker%27s_Undying,First-person shooter,description
1117,ClockWerx,1995,[Callisto Corporation],[Callisto Corporation],https://en.wikipedia.org/wiki/File:Clockwerx.jpg,https://en.wikipedia.org/wiki/ClockWerx,Puzzle,description
1118,Collapse,1999,[GameHouse],[GameHouse],n/a,https://en.wikipedia.org/wiki/Collapse_(video_game),Puzzle,description
1119,The Colony,1988,[David Alan Smith],[David Alan Smith],https://en.wikipedia.org/wiki/File:The_colony.jpg,https://en.wikipedia.org/wiki/The_Colony_(video_game),First-person shooter,description
1120,Colossal Cave Adventure,1976,[William Crowther],[William Crowther],https://en.wikipedia.org/wiki/File:ADVENT_--_Crowther_Woods.png,https://en.wikipedia.org/wiki/Colossal_Cave_Adventure,Interactive fiction,description
1121,Command & Conquer,1995,[Westwood Studios],[Westwood Studios],https://en.wikipedia.org/wiki/File:Logo_of_Command_%26_Conquer.png,https://en.wikipedia.org/wiki/Command_%26_Conquer,Real-time strategy,description
1122,Conquest of the New World,1996,[MacPlay],[MacPlay],https://en.wikipedia.org/wiki/File:Conquest_of_the_New_World_cover.jpg,https://en.wikipedia.org/wiki/Conquest_of_the_New_World,Strategy,description
1123,Corruption,1988,[Magnetic Scrolls],[Magnetic Scrolls],https://en.wikipedia.org/wiki/File:Corruption_Cover.jpg,https://en.wikipedia.org/wiki/Corruption_(interactive_fiction),Interactive fiction,description
1124,Cosmic Osmo,1989,[Cyan Worlds],[Cyan Worlds],https://en.wikipedia.org/wiki/File:Cosmic_Osmo_and_the_Worlds_Beyond_the_Mackerel_Cover.jpg,https://en.wikipedia.org/wiki/Cosmic_Osmo,Adventure,description
1125,Cro-Mag Rally,1998,[Aspyr Media],[Aspyr Media],n/a,https://en.wikipedia.org/wiki/Cro-Mag_Rally,Racing,description
1126,Crosscountry Canada 2,2002,[Ingenuity Works],[Ingenuity Works],https://en.wikipedia.org/wiki/File:Cross_Country_USA_Cover.jpg,https://en.wikipedia.org/wiki/Crosscountry_Canada_2,Educational,description
1127,Cryptogram,1989,[Leslie Thomas],[Leslie Thomas],,https://en.wikipedia.org/wiki/HyperCard,Puzzle,description
1128,Crystal Caliburn,1993,[LittleWing],[LittleWing],https://en.wikipedia.org/wiki/File:Crystal_Caliburn.jpg,https://en.wikipedia.org/wiki/Crystal_Caliburn,Arcade/pinball,description
1129,Crystal Quest,1987,[Casady & Greene],[Casady & Greene],https://en.wikipedia.org/wiki/File:Crystal_Quest_coverart.jpg,https://en.wikipedia.org/wiki/Crystal_Quest,Arcade,description
1130,Damage Incorporated,1997,[Paranoid Productions],[Paranoid Productions],https://en.wikipedia.org/wiki/File:Damage_Incorporated_cover.jpg,https://en.wikipedia.org/wiki/Damage_Incorporated,First-person shooter,description
1131,Darby the Dragon,1996,[Brøderbund],[Brøderbund],https://en.wikipedia.org/wiki/File:Darby_the_Dragon_CD_Cover.jpg,https://en.wikipedia.org/wiki/Darby_the_Dragon,Adventure,description
1132,Dark Castle,1986,[Silicon Beach Software],[Silicon Beach Software],https://en.wikipedia.org/wiki/File:Dark_Castle_Coverart.png,https://en.wikipedia.org/wiki/Dark_Castle,Platforming,description
1133,Dark Colony,1997,[Strategic Simulations Inc. (SSI)],[Strategic Simulations Inc. (SSI)],https://en.wikipedia.org/wiki/File:Dark_Colony_Coverart.png,https://en.wikipedia.org/wiki/Dark_Colony,Real-time strategy,description
1134,Dark Seed,1992,[Cyberdreams],[Cyberdreams],https://en.wikipedia.org/wiki/File:Dark_Seed_Cover.jpg,https://en.wikipedia.org/wiki/Dark_Seed_(video_game),Adventure,description
1135,Darwin's Dilemma,1990,[Inline Design],[Inline Design],n/a,https://en.wikipedia.org/wiki/Darwin%27s_Dilemma,Puzzle,description
1136,Day of the Tentacle,1993,[LucasArts],[LucasArts],https://en.wikipedia.org/wiki/File:Day_of_the_Tentacle_artwork.jpg,https://en.wikipedia.org/wiki/Day_of_the_Tentacle,Adventure,description
1137,The Daedalus Encounter,1995,[Virgin Interactive],[Virgin Interactive],https://en.wikipedia.org/wiki/File:3DO-Daedalus-Encounter.jpg,https://en.wikipedia.org/wiki/The_Daedalus_Encounter,Adventure/puzzle,description
1138,Deadline,1982,[Infocom],[Infocom],https://en.wikipedia.org/wiki/File:Deadline_box_art.jpg,https://en.wikipedia.org/wiki/Deadline_(video_game),Interactive fiction,description
1139,Deimos Rising,2001,[Ambrosia Software],[Ambrosia Software],https://en.wikipedia.org/wiki/File:Deimos_Rising_coverart.jpg,https://en.wikipedia.org/wiki/Deimos_Rising,Top-down shooter,description
1140,Deja Vu: a Nightmare Comes True,1985,"[ICOM Simulations, Inc.]","[ICOM Simulations, Inc.]",https://en.wikipedia.org/wiki/File:Deja_Vu_cover.png,https://en.wikipedia.org/wiki/Deja_Vu:_a_Nightmare_Comes_True,Adventure,description
1141,Deja Vu II: Lost in Las Vegas,1988,"[ICOM Simulations, Inc.]","[ICOM Simulations, Inc.]",https://en.wikipedia.org/wiki/File:Deja_Vu_2_cover.png,https://en.wikipedia.org/wiki/Deja_Vu_II:_Lost_in_Las_Vegas,Adventure,description
1142,Deliverance,1993,[Hewson Consultants],[Hewson Consultants],https://en.wikipedia.org/wiki/File:Stormlord_II_cover.jpg,https://en.wikipedia.org/wiki/Deliverance:_Stormlord_II,Platform,description
1143,Descent,1995,[MacPlay],[MacPlay],https://en.wikipedia.org/wiki/File:Descent_cover.png,https://en.wikipedia.org/wiki/Descent_(video_game),First-person shooter,description
1144,Descent II,1996,[MacPlay],[MacPlay],https://en.wikipedia.org/wiki/File:DescentII_DOS.jpg,https://en.wikipedia.org/wiki/Descent_II,First-person shooter,description
1145,Descent 3,1999,[Graphic Simulations],[Graphic Simulations],https://en.wikipedia.org/wiki/File:D3_Box_Art.jpg,https://en.wikipedia.org/wiki/Descent_3,First-person shooter,description
1146,Desk Fighter,1995,[Nicholas-Louis Dozois, MagicTouch],[Nicholas-Louis Dozois, MagicTouch],,https://en.wikipedia.org/wiki/HyperCard,Fighting,description
1147,Deus Ex,2000,[Ion Storm Inc.],[Ion Storm Inc.],https://en.wikipedia.org/wiki/File:Dxcover.jpg,https://en.wikipedia.org/wiki/Deus_Ex_(video_game),RPG,description
1148,Diablo,1998,[Blizzard Entertainment],[Blizzard Entertainment],https://en.wikipedia.org/wiki/File:Diablo_Coverart.png,https://en.wikipedia.org/wiki/Diablo_(video_game),RPG,description
1149,Diablo II,2000,[Blizzard Entertainment],[Blizzard Entertainment],https://en.wikipedia.org/wiki/File:Diablo_II_Coverart.png,https://en.wikipedia.org/wiki/Diablo_II,RPG,description
1150,Diablo II: Lord of Destruction,2001,[Blizzard Entertainment],[Blizzard Entertainment],https://en.wikipedia.org/wiki/File:Diablo_II_-_Lord_of_Destruction_Coverart.png,https://en.wikipedia.org/wiki/Diablo_II:_Lord_of_Destruction,RPG,description
1151,Diamonds,1992,[Varcon Systems, Inc.],[Varcon Systems, Inc.],https://en.wikipedia.org/wiki/File:Diamonds_game_level_1.jpg,https://en.wikipedia.org/wiki/Diamonds_(video_game),Puzzle,description
1152,The Dig,1995,[LucasArts],[LucasArts],https://en.wikipedia.org/wiki/File:The_Dig_artwork.jpg,https://en.wikipedia.org/wiki/The_Dig_(video_game),Adventure,description
1153,Doom,1994,[id Software],[id Software],https://en.wikipedia.org/wiki/File:Doom_cover_art.jpg,https://en.wikipedia.org/wiki/Doom_(1993_video_game),First-person shooter,description
1154,Doom II: Hell on Earth,1995,[id Software],[id Software],https://en.wikipedia.org/wiki/File:Doom_II_-_Hell_on_Earth_Coverart.png,https://en.wikipedia.org/wiki/Doom_II:_Hell_on_Earth,First-person shooter,description
1155,Dracula Unleashed,1993,[ICOM Simulations],[ICOM Simulations],https://en.wikipedia.org/wiki/File:Dracula_Unleashed.jpg,https://en.wikipedia.org/wiki/Dracula_Unleashed,Adventure,description
1156,Dragon's Lair (1994),1994,[ReadySoft],[ReadySoft],https://en.wikipedia.org/wiki/File:Dragons_lair.jpg,https://en.wikipedia.org/wiki/Dragon%27s_Lair,Arcade/action,description
1157,Dragon's Lair (2002),2002,[Advanced Microcomputer Systems],[Advanced Microcomputer Systems],https://en.wikipedia.org/wiki/File:Dragons_lair.jpg,https://en.wikipedia.org/wiki/Dragon%27s_Lair,Arcade/action,description
1158,Driver,2000,[Reflections Interactive/Infogrames],[Reflections Interactive/Infogrames],https://en.wikipedia.org/wiki/File:Driver_Coverart.png,https://en.wikipedia.org/wiki/Driver_(video_game),Action,description
1159,Duke Nukem 3D,1996,[MacPlay],[MacPlay],https://en.wikipedia.org/wiki/File:Duke_Nukem_3D_Coverart.png,https://en.wikipedia.org/wiki/Duke_Nukem_3D,First-person shooter,description
1160,Dungeon Master II: The Legend of Skullkeep,1993,[MacPlay],[MacPlay],https://en.wikipedia.org/wiki/File:Dungeon_Master_II_The_Legend_of_Skullkeep_Cover.png,https://en.wikipedia.org/wiki/Dungeon_Master_II:_The_Legend_of_Skullkeep,RPG,description
1161,The Dungeon Revealed,1987,[John Raymonds],[John Raymonds],https://en.wikipedia.org/wiki/File:DungeonOfDoomSplash.png,https://en.wikipedia.org/wiki/The_Dungeon_Revealed,RPG,description
1162,Dungeon Siege,2002,[MacSoft],[MacSoft],https://en.wikipedia.org/wiki/File:DungeonSiegeBoxArt.jpg,https://en.wikipedia.org/wiki/Dungeon_Siege,RPG,description
1163,Earth 2140,1997,[Reality Pump],[Reality Pump],https://en.wikipedia.org/wiki/File:Earth2140Box.jpg,https://en.wikipedia.org/wiki/Earth_2140,Turn-based strategy,description
1164,Eight Ball Deluxe,1992,[LittleWing],[LittleWing],https://en.wikipedia.org/wiki/File:EightBallDeluxePinball.jpg,https://en.wikipedia.org/wiki/Eight_Ball_Deluxe,Arcade/pinball,description
1165,Empire: Wargame of the Century,1987,[Walter Bright],[Walter Bright],https://en.wikipedia.org/wiki/File:Empire_Wargame_of_the_Century.jpg,https://en.wikipedia.org/wiki/Empire:_Wargame_of_the_Century,Strategy,description
1166,Enchanted Scepters,1984,[Silicon Beach Software],[Silicon Beach Software],https://en.wikipedia.org/wiki/File:Enchanted_Scepters_Coverart.png,https://en.wikipedia.org/wiki/Enchanted_Scepters,Adventure,description
1167,Enemy Engaged: RAH-66 Comanche vs. KA-52 Hokum,2000,[Razorworks/Feral Interactive],[Razorworks/Feral Interactive],https://en.wikipedia.org/wiki/File:Enemy_Engaged_-_RAH-66_Comanche_vs._KA-52_Hokum_Coverart.png,https://en.wikipedia.org/wiki/Enemy_Engaged:_RAH-66_Comanche_vs._KA-52_Hokum,Flight simulator,description
1168,Escape,1982,[Malcolm Evans],[Malcolm Evans],https://en.wikipedia.org/wiki/File:EscapeCI.jpg,https://en.wikipedia.org/wiki/Escape_(video_game),Arcade,description
1169,Escape from Monkey Island,2001,[LucasArts],[LucasArts],https://en.wikipedia.org/wiki/File:Escape_from_Monkey_Island_artwork.jpg,https://en.wikipedia.org/wiki/Escape_from_Monkey_Island,Adventure,description
1170,Escape Velocity,1996,[Ambrosia Software],[Ambrosia Software],https://en.wikipedia.org/wiki/File:Escape-Velocity-title.png,https://en.wikipedia.org/wiki/Escape_Velocity_(video_game),Space Simulation,description
1171,Escape Velocity Nova,2002,[Ambrosia Software],[Ambrosia Software],https://en.wikipedia.org/wiki/File:Escape_Velocity_Nova_logo.png,https://en.wikipedia.org/wiki/Escape_Velocity_Nova,Space Simulation,description
1172,Escape Velocity Override,2000,[Ambrosia Software],[Ambrosia Software],n/a,https://en.wikipedia.org/wiki/Escape_Velocity_Override,Space Simulation,description
1173,The Even More Incredible Machine,1993,[Jeff Tunnell Productions],[Jeff Tunnell Productions],https://en.wikipedia.org/wiki/File:The_Incredible_Machine_3.png,https://en.wikipedia.org/wiki/The_Even_More_Incredible_Machine,Puzzle/physics,description
1174,EverQuest,1999,[Sony Online Entertainment],[Sony Online Entertainment],https://en.wikipedia.org/wiki/File:EverQuest_Coverart.png,https://en.wikipedia.org/wiki/EverQuest,MMORPG,description
1175,Exile: Escape From The Pit,1995,[Spiderweb Software],[Spiderweb Software],n/a,https://en.wikipedia.org/wiki/Exile_I:_Escape_from_the_Pit,RPG,description
1176,Exile II: Crystal Souls,1995,[Spiderweb Software],[Spiderweb Software],n/a,https://en.wikipedia.org/wiki/Exile_II:_Crystal_Souls,RPG,description
1177,Exile III: Ruined World,1996,[Spiderweb Software],[Spiderweb Software],n/a,https://en.wikipedia.org/wiki/Exile_III:_Ruined_World,RPG,description
1178,F/A-18 Hornet 2.0,1995,[Graphsim Entertainment],[Graphsim Entertainment],,https://en.wikipedia.org/wiki/F/A-18_Hornet_2.0,Flight simulator,description
1179,F/A-18 Hornet 3.0,1997,[Graphsim Entertainment],[Graphsim Entertainment],n/a,https://en.wikipedia.org/wiki/F/A-18_Hornet_3.0,Flight simulator,description
1180,F1 Championship Season 2000,2002,[Zonic Limited/Feral Interactive],[Zonic Limited/Feral Interactive],n/a,https://en.wikipedia.org/wiki/EA_Sports_F1_Series,Motor racing,description
1181,F-117A Stealth Fighter 2.0,1994,[MicroProse Software],[MicroProse Software],https://en.wikipedia.org/wiki/File:Night_Hawk_-_F-117A_Stealth_Fighter_2.0.png,https://en.wikipedia.org/wiki/Night_Hawk:_F-117A_Stealth_Fighter_2.0,Flight simulator,description
1182,Final Doom,1996,[GT Interactive Software],[GT Interactive Software],https://en.wikipedia.org/wiki/File:Final_Doom_Coverart.png,https://en.wikipedia.org/wiki/Final_Doom,First person shooter,description
1183,Fly!,1999,[Terminal Reality],[Terminal Reality],n/a,https://en.wikipedia.org/wiki/Fly!,Flight simulator,description
1184,Fly! 2K,2000,[Terminal Reality],[Terminal Reality],n/a,https://en.wikipedia.org/wiki/Fly!_2K,Flight simulator,description
1185,Fly! II,2001,[Terminal Reality],[Terminal Reality],n/a,https://en.wikipedia.org/wiki/Fly!_II,Flight simulator,description
1186,Flying Nightmares,1994,[Simis Limited],[Simis Limited],https://en.wikipedia.org/wiki/File:Macintosh_Flying_Nightmares_cover_art.jpg,https://en.wikipedia.org/wiki/Flying_Nightmares,Flight simulator,description
1187,The Fool's Errand[19],1987,[Cliff Johnson/Miles Computing],[Cliff Johnson/Miles Computing],https://en.wikipedia.org/wiki/File:The_Fool%27s_Errand_cover_art_(Macintosh).jpg,https://en.wikipedia.org/wiki/The_Fool%27s_Errand,Puzzle,description
1188,Forever Growing Garden,1993,[Communication Wave/Media Vision],[Communication Wave/Media Vision],https://en.wikipedia.org/wiki/File:Forever_Growing_Garden_CD_Cover.jpg,https://en.wikipedia.org/wiki/Forever_Growing_Garden,Education,description
1189,Frankenstein: Through the Eyes of the Monster,1995,[Amazing Media],[Amazing Media],https://en.wikipedia.org/wiki/File:Windows_Frankenstein_-_Through_the_Eyes_of_the_Monster_cover_art.jpg,https://en.wikipedia.org/wiki/Frankenstein:_Through_the_Eyes_of_the_Monster,Adventure,description
1190,Freddi Fish and the Case of the Missing Kelp Seeds,1995,[Humongous Entertainment],[Humongous Entertainment],https://en.wikipedia.org/wiki/File:Freddi_Fish_and_the_Case_of_the_Missing_Kelp_Seeds_coverart.png,https://en.wikipedia.org/wiki/Freddi_Fish_and_the_Case_of_the_Missing_Kelp_Seeds,Adventure,description
1191,Freddi Fish 2: The Case of the Haunted Schoolhouse,1996,[Humongous Entertainment],[Humongous Entertainment],https://en.wikipedia.org/wiki/File:Freddi_Fish_2_-_The_Case_of_the_Haunted_Schoolhouse_coverart.png,https://en.wikipedia.org/wiki/Freddi_Fish_2:_The_Case_of_the_Haunted_Schoolhouse,Adventure,description
1192,Freddi Fish 3: The Case of the Stolen Conch Shell,1998,[Humongous Entertainment],[Humongous Entertainment],https://en.wikipedia.org/wiki/File:Freddi_Fish_3_-_The_Case_of_the_Stolen_Conch_Shell_coverart.png,https://en.wikipedia.org/wiki/Freddi_Fish_3:_The_Case_of_the_Stolen_Conch_Shell,Adventure,description
1193,Freddi Fish 4: The Case of the Hogfish Rustlers of Briny Gulch,1999,[Humongous Entertainment],[Humongous Entertainment],https://en.wikipedia.org/wiki/File:Freddi_Fish_4_-_The_Case_of_the_Hogfish_Rustlers_of_Briny_Gulch_coverart.png,https://en.wikipedia.org/wiki/Freddi_Fish_4:_The_Case_of_the_Hogfish_Rustlers_of_Briny_Gulch,Adventure,description
1194,Freddi Fish 5: The Case of the Creature of Coral Cove,2001,[Humongous Entertainment],[Humongous Entertainment],https://en.wikipedia.org/wiki/File:Freddi_Fish_5_-_The_Case_of_the_Creature_of_Coral_Cove_coverart.png,https://en.wikipedia.org/wiki/Freddi_Fish_5:_The_Case_of_the_Creature_of_Coral_Cove,Adventure,description
1195,Frogger,1984,[Konami],[Konami],https://en.wikipedia.org/wiki/File:Frogger_game_arcade.png,https://en.wikipedia.org/wiki/Frogger,Arcade,description
1196,Full Throttle,1995,[LucasArts Entertainment],[LucasArts Entertainment],https://en.wikipedia.org/wiki/File:Full_Throttle_artwork.jpg,https://en.wikipedia.org/wiki/Full_Throttle_(1995_video_game),n/a,description
1197,Fury of the Furries,1994,[Kalisto Entertainment],[Kalisto Entertainment],https://en.wikipedia.org/wiki/File:FuryOfTheFurries.jpg,https://en.wikipedia.org/wiki/Fury_of_the_Furries,Platform,description
1198,Geneforge,2001,[Spiderweb Software],[Spiderweb Software],https://en.wikipedia.org/wiki/File:GeneforgeLogo.png,https://en.wikipedia.org/wiki/Geneforge,RPG,description
1199,Tom Clancy's Ghost Recon,2001,n/a,n/a,https://en.wikipedia.org/wiki/File:Ghost_recon_logo.png,https://en.wikipedia.org/wiki/Tom_Clancy%27s_Ghost_Recon,n/a,description
1200,Tom Clancy's Ghost Recon: Desert Siege,2001,n/a,n/a,n/a,https://en.wikipedia.org/wiki/Tom_Clancy%27s_Ghost_Recon:_Desert_Siege,n/a,description
1201,Glider,1988,[John Calhoun],[John Calhoun],n/a,https://en.wikipedia.org/wiki/Glider_(video_game),Arcade/simulation,description
1202,Gregory and the Hot Air Balloon,1996,[Brøderbund],[Brøderbund],https://en.wikipedia.org/wiki/File:Gregory_and_the_Hot_Air_Balloon_CD_Cover.jpg,https://en.wikipedia.org/wiki/Gregory_and_the_Hot_Air_Balloon,Adventure,description
1203,Gridz,1997,[Green Dragon Creations],[Green Dragon Creations],n/a,https://en.wikipedia.org/wiki/Gridz,Arcade/strategy,description
1204,Ground Zero,1984,[MindSport],[MindSport],,https://en.wikipedia.org/wiki/Ground_Zero,Action,description
1205,Harry Potter and the Philosopher's Stone,2001,[Aspyr Media],[Aspyr Media],https://en.wikipedia.org/wiki/File:HarryPotterPhilosophersStoneGameEuroArtwork.jpg,https://en.wikipedia.org/wiki/Harry_Potter_and_the_Philosopher%27s_Stone_(video_game),n/a,description
1206,The Haunted House,1994,[Mark A. Klink],[Mark A. Klink],,https://en.wikipedia.org/wiki/HyperCard,Educational,description
1207,Hell Cab,1993,[Digital Fusion],[Digital Fusion],,https://en.wikipedia.org/wiki/Hell_Cab,Adventure,description
1208,Hellcats Over the Pacific,1991,[Parsoft Interactive],[Parsoft Interactive],https://en.wikipedia.org/wiki/File:Hellcats_Over_The_Pacific_Mac_Original_1991_Box_Cover.jpg,https://en.wikipedia.org/wiki/Hellcats_Over_the_Pacific,Flight simulator,description
1209,Heretic,1998,[Raven Software],[Raven Software],https://en.wikipedia.org/wiki/File:Heretic_game_cover.png,https://en.wikipedia.org/wiki/Heretic_(video_game),First-person shooter,description
1210,Heretic II,2002,[Raven Software],[Raven Software],https://en.wikipedia.org/wiki/File:Heretic_II_Coverart.png,https://en.wikipedia.org/wiki/Heretic_II,Action,description
1211,Heroes of Might and Magic,1996,[New World Computing],[New World Computing],https://en.wikipedia.org/wiki/File:Heroes_of_Might_and_Magic_box.jpg,https://en.wikipedia.org/wiki/Heroes_of_Might_and_Magic:_A_Strategic_Quest,Turn-based strategy,description
1212,Heroes of Might and Magic II,1997,[New World Computing],[New World Computing],https://en.wikipedia.org/wiki/File:Heroes_2_cover.jpg,https://en.wikipedia.org/wiki/Heroes_of_Might_and_Magic_II,Turn-based strategy,description
1213,Hexen,1996,[Raven Software],[Raven Software],https://en.wikipedia.org/wiki/File:Hexenbox.jpg,https://en.wikipedia.org/wiki/Hexen:_Beyond_Heretic,n/a,description
1214,Holiday Lemmings,1994,[DMA Design],[DMA Design],https://en.wikipedia.org/wiki/File:Lemmings-BoxScan.jpg,https://en.wikipedia.org/wiki/Holiday_Lemmings,Puzzle,description
1215,HyperDungeon,1994,[Sean Furey, HyperSoft],[Sean Furey, HyperSoft],,https://en.wikipedia.org/wiki/HyperCard,Dungeon Crawler/Adventure,description
1216,HyperTris,1999,[David Shelley],[David Shelley],,https://en.wikipedia.org/wiki/HyperCard,Puzzle,description
1217,Icon Invasion,1991,[Jon Gary],[Jon Gary],,https://en.wikipedia.org/wiki/HyperCard,Arcade,description
1218,Imperialism,1997,[Frog City Software],[Frog City Software],https://en.wikipedia.org/wiki/File:Imperialism_Coverart.png,https://en.wikipedia.org/wiki/Imperialism_(video_game),Strategy,description
1219,Imperialism II: The Age of Exploration,1999,[Frog City Software],[Frog City Software],https://en.wikipedia.org/wiki/File:Imperialism_II_-_Age_of_Exploration_Coverart.png,https://en.wikipedia.org/wiki/Imperialism_II:_Age_of_Exploration,Strategy,description
1220,The Incredible Machine,1992,[Jeff Tunnell Productions],[Jeff Tunnell Productions],https://en.wikipedia.org/wiki/File:Incredible_Machine_DOS_Cover.jpg,https://en.wikipedia.org/wiki/The_Incredible_Machine_(video_game),Puzzle/physics,description
1221,The Incredible Machine: Even More Contraptions,2001,[Sierra On-Line],[Sierra On-Line],https://en.wikipedia.org/wiki/File:The_Incredible_Machine_3.png,https://en.wikipedia.org/wiki/The_Incredible_Machine:_Even_More_Contraptions,Puzzle/physics,description
1222,The Incredible Machine: Version 3.0,1995,[Jeff Tunnell Productions],[Jeff Tunnell Productions],https://en.wikipedia.org/wiki/File:Incredible_Machine_DOS_Cover.jpg,https://en.wikipedia.org/wiki/The_Incredible_Machine_(video_game),Puzzle/physics,description
1223,The Incredible Toon Machine,1994,[Jeff Tunnell Productions],[Jeff Tunnell Productions],https://en.wikipedia.org/wiki/File:The_Incredible_Toon_Machine_cover.gif,https://en.wikipedia.org/wiki/The_Incredible_Toon_Machine,Puzzle/physics,description
1224,Indiana Jones and His Desktop Adventures,1996,[LucasArts],[LucasArts],https://en.wikipedia.org/wiki/File:Indiana_Jones_and_His_Desktop_Adventures_Coverart.png,https://en.wikipedia.org/wiki/Indiana_Jones_and_His_Desktop_Adventures,Adventure,description
1225,Indiana Jones and the Last Crusade: The Graphic Adventure,1990,[Lucasfilm Games],[Lucasfilm Games],https://en.wikipedia.org/wiki/File:Indiana_Jones_and_the_Last_Crusade_-_The_Graphic_Adventure_Coverart.png,https://en.wikipedia.org/wiki/Indiana_Jones_and_the_Last_Crusade:_The_Graphic_Adventure,Adventure,description
1226,IndyCar Racing II,1996,[Papyrus Design Group],[Papyrus Design Group],https://en.wikipedia.org/wiki/File:IndyCar_Racing_II_Box_art.PNG,https://en.wikipedia.org/wiki/IndyCar_Racing_II,Racing,description
1227,Ishar: Legend of the Fortress,1992,[Silmarils],[Silmarils],https://en.wikipedia.org/wiki/File:Ishar_Trilogy_Coverart.png,https://en.wikipedia.org/wiki/Ishar:_Legend_of_the_Fortress,RPG,description
1228,Ishar 2: Messengers of Doom,1994,[Silmarils],[Silmarils],https://en.wikipedia.org/wiki/File:Ishar_Trilogy_Coverart.png,https://en.wikipedia.org/wiki/Ishar_2:_Messengers_of_Doom,RPG,description
1229,Ishar 3: The Seven Gates of Infinity,1995,[Silmarils],[Silmarils],https://en.wikipedia.org/wiki/File:Ishar_3_-_The_Seven_Gates_of_Infinity_cover_art.jpg,https://en.wikipedia.org/wiki/Ishar_3:_The_Seven_Gates_of_Infinity,RPG,description
1230,Ishido: The Way of Stones,1994,[MacPlay],[MacPlay],https://en.wikipedia.org/wiki/File:Ishido_The_Way_of_Stones_Cover.jpg,https://en.wikipedia.org/wiki/Ishido:_The_Way_of_Stones,Puzzle,description
1231,Island Defender,1997,[Bruce A. Pokras],[Bruce A. Pokras],,https://en.wikipedia.org/wiki/HyperCard,Arcade,description
1232,James Bond 007: A View to a Kill,1985,[Angelsoft/Mindscape Inc.],[Angelsoft/Mindscape Inc.],https://en.wikipedia.org/wiki/File:View_to_a_kill_game_cover.jpg,https://en.wikipedia.org/wiki/James_Bond_007:_A_View_to_a_Kill,Text adventure,description
1233,The Journeyman Project,1993,[Presto Studios],[Presto Studios],https://en.wikipedia.org/wiki/File:The_Journeyman_Project_Cover.png,https://en.wikipedia.org/wiki/The_Journeyman_Project,Adventure,description
1234,The Journeyman Project 2: Buried in Time[26],1995,[Presto Studios],[Presto Studios],https://en.wikipedia.org/wiki/File:Jman2_Cover.jpg,https://en.wikipedia.org/wiki/The_Journeyman_Project_2:_Buried_in_Time,Adventure,description
1235,The Journeyman Project 3: Legacy of Time[27],1998,[Red Orb Entertainment],[Red Orb Entertainment],https://en.wikipedia.org/wiki/File:Jman3_cover.jpg,https://en.wikipedia.org/wiki/The_Journeyman_Project_3:_Legacy_of_Time,Adventure,description
1236,The Journeyman Project Turbo!,1994,[Presto Studios],[Presto Studios],https://en.wikipedia.org/wiki/File:The_Journeyman_Project_Cover.png,https://en.wikipedia.org/wiki/The_Journeyman_Project#Releases_and_bug_fixes,Adventure,description
1237,The Journeyman Project: Pegasus Prime,1997,[Presto Studios],[Presto Studios],https://en.wikipedia.org/wiki/File:PegasusPrimeBoxFront.jpg,https://en.wikipedia.org/wiki/The_Journeyman_Project:_Pegasus_Prime,Adventure,description
1238,Jurassic Park III: Dino Defender[29],2001,[Knowledge Adventure],[Knowledge Adventure],https://en.wikipedia.org/wiki/File:Jurassic_Park_III_Dino_Defender.jpeg,https://en.wikipedia.org/wiki/Jurassic_Park_III:_Dino_Defender,Action/Adventure,description
1239,Kick Off 2002,2002,[Anco Software],[Anco Software],https://en.wikipedia.org/wiki/File:Kick_Off_Amstrad_cover.jpg,https://en.wikipedia.org/wiki/Kick_Off_2002,Sports,description
1240,Knights and Merchants,1998,[Joymania Entertainment],[Joymania Entertainment],https://en.wikipedia.org/wiki/File:Knights_and_Merchants_-_The_Shattered_Kingdom_Coverart.png,https://en.wikipedia.org/wiki/Knights_and_Merchants,Real-time strategy,description
1241,The Labyrinth of Time,1993,[Terra Nova Development/Electronic Arts],[Terra Nova Development/Electronic Arts],https://en.wikipedia.org/wiki/File:The_Labyrinth_of_Time_Coverart.png,https://en.wikipedia.org/wiki/The_Labyrinth_of_Time,Graphic Adventure,description
1242,Learning Adventures! I Can Be an Animal Doctor,1998,[Cloud 9 Interactive/Macmillan Digital Publishing],[Cloud 9 Interactive/Macmillan Digital Publishing],https://en.wikipedia.org/wiki/File:Learning_Adventures!_Logo.png,https://en.wikipedia.org/wiki/Learning_Adventures!,Educational,description
1243,Learning Adventures! I Can Be a Dinosaur Finder,1997,[Cloud 9 Interactive/Macmillan Digital Publishing],[Cloud 9 Interactive/Macmillan Digital Publishing],https://en.wikipedia.org/wiki/File:Learning_Adventures!_Logo.png,https://en.wikipedia.org/wiki/Learning_Adventures!,Educational,description
1244,The Legend of Kyrandia: Fables and Fiends,1992,[Westwood Studios],[Westwood Studios],https://en.wikipedia.org/wiki/File:Lok-b1.jpg,https://en.wikipedia.org/wiki/The_Legend_of_Kyrandia:_Fables_and_Fiends,Adventure,description
1245,The Legend of Kyrandia: Hand of Fate,1993,[Westwood Studios],[Westwood Studios],https://en.wikipedia.org/wiki/File:Lok-b2.jpg,https://en.wikipedia.org/wiki/The_Legend_of_Kyrandia:_Hand_of_Fate,Adventure,description
1246,The Legend of Kyrandia: Malcolm's Revenge,1994,[Westwood Studios],[Westwood Studios],https://en.wikipedia.org/wiki/File:Lok-b3.jpg,https://en.wikipedia.org/wiki/The_Legend_of_Kyrandia:_Malcolm%27s_Revenge,Adventure,description
1247,Lemmings,1992,[DMA Design],[DMA Design],https://en.wikipedia.org/wiki/File:Lemmings-BoxScan.jpg,https://en.wikipedia.org/wiki/Lemmings_(video_game),Puzzle,description
1248,Lode Runner: The Legend Returns,1994,[Presage Software],[Presage Software],https://en.wikipedia.org/wiki/File:Lode_Runner_-_The_Legend_Returns_Coverart.png,https://en.wikipedia.org/wiki/Lode_Runner:_The_Legend_Returns,Platform,description
1249,Lode Runner On-Line: The Mad Monks' Revenge,1995,[Presage Software],[Presage Software],https://en.wikipedia.org/wiki/File:Lode_Runner_Online_-_Mad_Monks%27_Revenge_Coverart.png,https://en.wikipedia.org/wiki/Lode_Runner_Online:_Mad_Monks%27_Revenge,Platform,description
1250,Lunicus,1994,[Cyberflix Incorporated/Paramount Interactive],[Cyberflix Incorporated/Paramount Interactive],https://en.wikipedia.org/wiki/File:Lunicus_cover.jpg,https://en.wikipedia.org/wiki/Lunicus,First-person shooter/adventure,description
1251,M4,1992,[Dangerous Software],[Dangerous Software],https://en.wikipedia.org/wiki/File:M4_Cover.jpg,https://en.wikipedia.org/wiki/M4_(video_game),Military simulation,description
1252,Mad Dog McCree (1994),1994,[American Laser Games],[American Laser Games],https://en.wikipedia.org/wiki/File:Mad_Dog_McCree_arcade_flyer.jpg,https://en.wikipedia.org/wiki/Mad_Dog_McCree,Arcade/rail shooter,description
1253,Mad Dog McCree (2002),2002,[American Laser Games],[American Laser Games],https://en.wikipedia.org/wiki/File:Mad_Dog_McCree_arcade_flyer.jpg,https://en.wikipedia.org/wiki/Mad_Dog_McCree,Arcade/rail shooter,description
1254,Madden NFL 2000,1999,[EA Tiburon],[EA Tiburon],https://en.wikipedia.org/wiki/File:Madden_NFL_2000_Coverart.png,https://en.wikipedia.org/wiki/Madden_NFL_2000,Sports,description
1255,Majesty: The Fantasy Kingdom Sim,2000,[Cyberlore Studios],[Cyberlore Studios],https://en.wikipedia.org/wiki/File:Majesty-mac-boxart.jpg,https://en.wikipedia.org/wiki/Majesty:_The_Fantasy_Kingdom_Sim,Real-time strategy,description
1256,Math Rabbit Deluxe,1996,[The Learning Company],[The Learning Company],https://en.wikipedia.org/wiki/File:Math_Rabbit_Cover.jpg,https://en.wikipedia.org/wiki/Math_Rabbit_Deluxe,Educational,description
1257,Max Payne,2002,[Feral Interactive],[Feral Interactive],https://en.wikipedia.org/wiki/File:Maxpaynebox.jpg,https://en.wikipedia.org/wiki/Max_Payne_(video_game),Action/adventure,description
1258,Meteor Storm,1996,[Z Sculpt Entertainment],[Z Sculpt Entertainment],,https://en.wikipedia.org/wiki/Meteor_Storm,Arcade/action,description
1259,Mia's Math Adventure: Just in Time!,2001,[Kutoka Interactive],[Kutoka Interactive],https://en.wikipedia.org/wiki/File:Mia%27s_Math_Adventure_-_Just_in_Time!_Coverart.png,https://en.wikipedia.org/wiki/Mia%27s_Math_Adventure:_Just_in_Time!,Educational,description
1260,Mia's Science Adventure: Romaine's New Hat,2000,[Kutoka Interactive],[Kutoka Interactive],https://en.wikipedia.org/wiki/File:Mia%27s_Science_Adventure_-_Romaine%27s_New_Hat_Coverart.png,https://en.wikipedia.org/wiki/Mia%27s_Science_Adventure:_Romaine%27s_New_Hat,Educational,description
1261,A Mind Forever Voyaging,1985,[Infocom],[Infocom],https://en.wikipedia.org/wiki/File:A_Mind_Forever_Voyaging_Coverart.png,https://en.wikipedia.org/wiki/A_Mind_Forever_Voyaging,Interactive fiction,description
1262,Monkey Island 2: LeChuck's Revenge,1992,[Lucasfilm Games],[Lucasfilm Games],https://en.wikipedia.org/wiki/File:LeChuck%27s_Revenge_artwork.jpg,https://en.wikipedia.org/wiki/Monkey_Island_2:_LeChuck%27s_Revenge,Adventure,description
1263,Monopoly (1987),1987,[Thomas E. Fosson],[Thomas E. Fosson],https://en.wikipedia.org/wiki/File:Monopoly_ps3.jpg,https://en.wikipedia.org/wiki/Monopoly_(video_game),Board game,description
1264,Monopoly (1997),1997,[Westwood Studios],[Westwood Studios],https://en.wikipedia.org/wiki/File:Monopoly_ps3.jpg,https://en.wikipedia.org/wiki/Monopoly_(video_game),Board game,description
1265,Monopoly (2000),2000,[Artech Studios],[Artech Studios],https://en.wikipedia.org/wiki/File:Monopoly_ps3.jpg,https://en.wikipedia.org/wiki/Monopoly_(video_game),Board game,description
1266,Monopoly Deluxe,1994,[Human Wave Technology],[Human Wave Technology],https://en.wikipedia.org/wiki/File:Monopoly_ps3.jpg,https://en.wikipedia.org/wiki/Monopoly_(video_game),Board game,description
1267,Muppet Treasure Island,1996,[Activision],[Activision],n/a,https://en.wikipedia.org/wiki/Muppet_Treasure_Island_(video_game),Adventure,description
1268,Museum Madness,1994,[Novotrade],[Novotrade],https://en.wikipedia.org/wiki/File:Museum-Madness-game-cover-art.png,https://en.wikipedia.org/wiki/Museum_Madness_(video_game),Educational,description
1269,Myst,1993,[Cyan, Inc.],[Cyan, Inc.],https://en.wikipedia.org/wiki/File:MystCover.png,https://en.wikipedia.org/wiki/Myst,Puzzle,description
1270,Myst III: Exile,2001,[Presto Studios],[Presto Studios],https://en.wikipedia.org/wiki/File:MystIIICover.png,https://en.wikipedia.org/wiki/Myst_III:_Exile,Puzzle,description
1271,Myth: The Fallen Lords[35],1997,[Bungie],[Bungie],https://en.wikipedia.org/wiki/File:Myth_-_The_Fallen_Lords.jpg,https://en.wikipedia.org/wiki/Myth:_The_Fallen_Lords,Real-Time Tactics,description
1272,Myth II: Soulblighter[36],1998,[Bungie],[Bungie],https://en.wikipedia.org/wiki/File:Myth_II_Cover.jpg,https://en.wikipedia.org/wiki/Myth_II:_Soulblighter,Real-Time Tactics,description
1273,Myth III: The Wolf Age[37],2001,[Infogrames/MacSoft],[Infogrames/MacSoft],https://en.wikipedia.org/wiki/File:Myth_III_box_art.jpg,https://en.wikipedia.org/wiki/Myth_III:_The_Wolf_Age,Real-Time Tactics,description
1274,Nanosaur,1998,[Pangea Software],[Pangea Software],n/a,https://en.wikipedia.org/wiki/Nanosaur,Third Person Shooter,description
1275,NASCAR Racing,1996,[Papyrus Design Group],[Papyrus Design Group],https://en.wikipedia.org/wiki/File:NASCAR_Racing_logo.png,https://en.wikipedia.org/wiki/NASCAR_Racing,Racing,description
1276,Nethergate,1999,[Spiderweb Software],[Spiderweb Software],https://en.wikipedia.org/wiki/File:Nethergate-logo.png,https://en.wikipedia.org/wiki/Nethergate,RPG,description
1277,Oh No! More Lemmings,1993,[DMA Design],[DMA Design],https://en.wikipedia.org/wiki/File:Lemmings-BoxScan.jpg,https://en.wikipedia.org/wiki/Oh_No!_More_Lemmings,Puzzle,description
1278,Oni,2002,[Feral Interactive],[Feral Interactive],https://en.wikipedia.org/wiki/File:Oni_Coverart.jpg,https://en.wikipedia.org/wiki/Oni_(video_game),Action/adventure,description
1279,Oxyd,1992,[Dongleware Verlags],[Dongleware Verlags],n/a,https://en.wikipedia.org/wiki/Oxyd,Puzzle,description
1280,Oxyd Extra,1996,[Dongleware Verlags],[Dongleware Verlags],n/a,https://en.wikipedia.org/wiki/Oxyd,Puzzle,description
1281,Oxyd Magnum,1993,[Dongleware Verlags],[Dongleware Verlags],n/a,https://en.wikipedia.org/wiki/Oxyd,Puzzle,description
1282,Ozzie's Funtime Garden,1995,[Digital Impact],[Digital Impact],https://en.wikipedia.org/wiki/File:Ozzie%27s_World_CD_Cover.jpg,https://en.wikipedia.org/wiki/Ozzie_series,Educational,description
1283,Ozzie's World,1994,[Digital Impact],[Digital Impact],https://en.wikipedia.org/wiki/File:Ozzie%27s_World_CD_Cover.jpg,https://en.wikipedia.org/wiki/Ozzie_series,Educational,description
1284,Pac-In-Time,1994,[Kalisto Entertainment],[Kalisto Entertainment],https://en.wikipedia.org/wiki/File:Pac-In-Time_Coverart.png,https://en.wikipedia.org/wiki/Pac-In-Time,Platform,description
1285,Pajama Sam: No Need to Hide When It's Dark Outside,1996,[Humongous Entertainment],[Humongous Entertainment],https://en.wikipedia.org/wiki/File:Pajama_Sam_In-_No_Need_To_Hide_When_It%27s_Dark_Outside_Wii_Cover.jpg,https://en.wikipedia.org/wiki/Pajama_Sam:_No_Need_to_Hide_When_It%27s_Dark_Outside,Adventure,description
1286,Pajama Sam 2: Thunder and Lightning Aren't so Frightening,1998,[Humongous Entertainment],[Humongous Entertainment],https://en.wikipedia.org/wiki/File:Pajama_Sam_2_Thunder_and_Lightning_Aren%27t_So_Frightening_Cover.jpg,https://en.wikipedia.org/wiki/Pajama_Sam_2:_Thunder_and_Lightning_Aren%27t_so_Frightening,Adventure,description
1287,Pajama Sam 3: You Are What You Eat from Your Head to Your Feet,1999,[Humongous Entertainment],[Humongous Entertainment],https://en.wikipedia.org/wiki/File:PS_You_Are_What_You_Eat_From_Head_to_Feet_coverart.jpg,https://en.wikipedia.org/wiki/Pajama_Sam_3:_You_Are_What_You_Eat_from_Your_Head_to_Your_Feet,Adventure,description
1288,Pararena,1990,[John Calhoun],[John Calhoun],https://en.wikipedia.org/wiki/File:Pararena.png,https://en.wikipedia.org/wiki/Pararena,Sports,description
1289,PegLeg,1994,[Changeling Software],[Changeling Software],https://en.wikipedia.org/wiki/File:PegLeg_Macintosh_box_cover.jpg,https://en.wikipedia.org/wiki/PegLeg,Arcade,description
1290,Per Oxyd,1995,[Dongleware Verlags],[Dongleware Verlags],n/a,https://en.wikipedia.org/wiki/Oxyd,Puzzle,description
1291,Chuck Jones' Peter and the Wolf,1994,[IF/X Interactive/Time Warner Interactive],[IF/X Interactive/Time Warner Interactive],,https://en.wikipedia.org/wiki/Peter_and_the_Wolf_(TV_special)#Merchandise,Arcade/educational,description
1292,Phantasmagoria,1995,[Sierra On-Line],[Sierra On-Line],https://en.wikipedia.org/wiki/File:Phantasmagoria_Coverart.png,https://en.wikipedia.org/wiki/Phantasmagoria_(video_game),Adventure/horror,description
1293,Police Quest: In Pursuit of the Death Angel,1987,[Sierra On-Line],[Sierra On-Line],https://en.wikipedia.org/wiki/File:Police_Quest_1_cover.png,https://en.wikipedia.org/wiki/Police_Quest:_In_Pursuit_of_the_Death_Angel,Adventure,description
1294,Police Quest: Open Season,1993,[Sierra On-Line],[Sierra On-Line],https://en.wikipedia.org/wiki/File:Police_Quest_4_cover.png,https://en.wikipedia.org/wiki/Police_Quest:_Open_Season,Adventure,description
1295,Postal,1997,[Ripcord Games],[Ripcord Games],https://en.wikipedia.org/wiki/File:Postal_Coverart.png,https://en.wikipedia.org/wiki/Postal_(video_game),Shoot'Em Up,description
1296,PowerMonger,1994,[Bullfrog Productions],[Bullfrog Productions],https://en.wikipedia.org/wiki/File:Powermonger_cover.png,https://en.wikipedia.org/wiki/Powermonger,Strategy,description
1297,Prime Target,1996,[WizardWorks Software],[WizardWorks Software],n/a,https://en.wikipedia.org/wiki/Prime_Target,First-person shooter,description
1298,Putt-Putt Enters the Race,1998,[Humongous Entertainment],[Humongous Entertainment],https://en.wikipedia.org/wiki/File:Putt-Putt_Enters_the_Race_Cover.jpg,https://en.wikipedia.org/wiki/Putt-Putt_Enters_the_Race,Children,description
1299,Putt-Putt Goes to the Moon,1995,[Humongous Entertainment],[Humongous Entertainment],https://en.wikipedia.org/wiki/File:Putt-Putt_Goes_to_the_Moon_Win-Mac_Boxart.jpg,https://en.wikipedia.org/wiki/Putt-Putt_Goes_to_the_Moon,Children,description
1300,Putt-Putt Joins the Circus,2000,[Humongous Entertainment],[Humongous Entertainment],https://en.wikipedia.org/wiki/File:Putt-Putt_Joins_the_Circus_Cover_art.png,https://en.wikipedia.org/wiki/Putt-Putt_Joins_the_Circus,Children,description
1301,Putt-Putt Joins the Parade,1995,[Humongous Entertainment],[Humongous Entertainment],https://en.wikipedia.org/wiki/File:Putt-Putt_Joins_the_Parade_Win-Mac_Boxart.jpg,https://en.wikipedia.org/wiki/Putt-Putt_Joins_the_Parade,Children,description
1302,Putt-Putt Saves the Zoo,1995,[Humongous Entertainment],[Humongous Entertainment],https://en.wikipedia.org/wiki/File:Putt-Putt_Saves_the_Zoo_Win-Mac_Boxart.jpg,https://en.wikipedia.org/wiki/Putt-Putt_Saves_the_Zoo,Children,description
1303,Putt Putt Travels Through Time,1997,[Humongous Entertainment],[Humongous Entertainment],https://en.wikipedia.org/wiki/File:Putt_Putt_Travels_Through_Time.jpg,https://en.wikipedia.org/wiki/Putt_Putt_Travels_Through_Time,Children,description
1304,QuackMan,1999,[David Shelley],[David Shelley],,https://en.wikipedia.org/wiki/HyperCard,Arcade,description
1305,Quest for Glory V: Dragon Fire,1998,[Yosemite Entertainment],[Yosemite Entertainment],https://en.wikipedia.org/wiki/File:Quest_for_Glory_V_-_Dragon_Fire_Coverart.png,https://en.wikipedia.org/wiki/Quest_for_Glory_V:_Dragon_Fire,RPG,description
1306,Radical Castle,1986,[Silicon Beach Software],[Silicon Beach Software],https://en.wikipedia.org/wiki/File:Radical_Castle.png,https://en.wikipedia.org/wiki/Radical_Castle,Adventure,description
1307,Sid Meier's Railroad Tycoon,1992,[Micro Prose],[Micro Prose],https://en.wikipedia.org/wiki/File:Sid_Meier%27s_Railroad_Tycoon.jpg,https://en.wikipedia.org/wiki/Railroad_Tycoon,Simulation,description
1308,Reader Rabbit,1987,[The Learning Company],[The Learning Company],https://en.wikipedia.org/wiki/File:Reader_Rabbit_logo.gif,https://en.wikipedia.org/wiki/Reader_Rabbit,Educational,description
1309,Reader Rabbit 1,1994,[The Learning Company],[The Learning Company],https://en.wikipedia.org/wiki/File:Reader_Rabbit_Cover_art.png,https://en.wikipedia.org/wiki/Reader_Rabbit_1,n/a,description
1310,Reader Rabbit: 1st Grade,1998,[The Learning Company],[The Learning Company],"https://en.wikipedia.org/wiki/File:Reader_Rabbit,_1st_Grade.jpeg",https://en.wikipedia.org/wiki/Reader_Rabbit:_1st_Grade,Educational,description
1311,Reader Rabbit 2nd Grade,1997,[The Learning Company],[The Learning Company],https://en.wikipedia.org/wiki/File:Reader_Rabbit_logo.gif,https://en.wikipedia.org/wiki/Reader_Rabbit_2nd_Grade,Educational,description
1312,Reader Rabbit 3,1996,[The Learning Company],[The Learning Company],https://en.wikipedia.org/wiki/File:Reader_Rabbit_3_Cover_art.jpg,https://en.wikipedia.org/wiki/Reader_Rabbit_3,Educational,description
1313,Reader Rabbit Playtime for Baby,1999,[The Learning Company],[The Learning Company],https://en.wikipedia.org/wiki/File:Reader_Rabbit_Playtime_for_Baby.jpg,https://en.wikipedia.org/wiki/Reader_Rabbit_Playtime_for_Baby,Educational,description
1314,Reader Rabbit Preschool: Sparkle Star Rescue,2001,[The Learning Company],[The Learning Company],https://en.wikipedia.org/wiki/File:Sparkle_Star_Rescue_Cover.jpg,https://en.wikipedia.org/wiki/Reader_Rabbit_Preschool:_Sparkle_Star_Rescue,Educational,description
1315,Reader Rabbit Toddler,1997,[The Learning Company],[The Learning Company],https://en.wikipedia.org/wiki/File:Reader_Rabbit_Toddler.jpg,https://en.wikipedia.org/wiki/Reader_Rabbit_Toddler,Educational,description
1316,Reader Rabbit's Interactive Reading Journey 2,1994,[The Learning Company],[The Learning Company],https://en.wikipedia.org/wiki/File:Interactive_Reading_Journey_2_Cover.png,https://en.wikipedia.org/wiki/Reader_Rabbit%27s_Interactive_Reading_Journey_2,Educational,description
1317,Reader Rabbit's Math 1,1997,[The Learning Company],[The Learning Company],https://en.wikipedia.org/wiki/File:Math_Rabbit_Cover.jpg,https://en.wikipedia.org/wiki/Reader_Rabbit%27s_Math_1,Educational,description
1318,Reader Rabbit's Math Ages 4-6,1999,[The Learning Company],[The Learning Company],https://en.wikipedia.org/wiki/File:Math_Rabbit_Cover.jpg,https://en.wikipedia.org/wiki/Reader_Rabbit%27s_Math_Ages_4-6,Educational,description
1319,Reader Rabbit's Reading 1,1997,[The Learning Company],[The Learning Company],https://en.wikipedia.org/wiki/File:Reader_Rabbit_Cover_art.png,https://en.wikipedia.org/wiki/Reader_Rabbit%27s_Reading_1,Educational,description
1320,Reader Rabbit's Reading 2,1998,[The Learning Company],[The Learning Company],https://en.wikipedia.org/wiki/File:Reader_Rabbit_2_Cover_art.jpg,https://en.wikipedia.org/wiki/Reader_Rabbit%27s_Reading_2,Educational,description
1321,Reader Rabbit's Reading Development Library 1,1994,[The Learning Company],[The Learning Company],https://en.wikipedia.org/wiki/File:Reader_Rabbit_Development_Library_1_Boxart.gif,https://en.wikipedia.org/wiki/Reader_Rabbit%27s_Reading_Development_Library,Educational,description
1322,Reader Rabbit's Reading Development Library 2,1995,[The Learning Company],[The Learning Company],https://en.wikipedia.org/wiki/File:Reader_Rabbit_Development_Library_1_Boxart.gif,https://en.wikipedia.org/wiki/Reader_Rabbit%27s_Reading_Development_Library,Educational,description
1323,Reader Rabbit's Reading Development Library 3,1995,[The Learning Company],[The Learning Company],https://en.wikipedia.org/wiki/File:Reader_Rabbit_Development_Library_1_Boxart.gif,https://en.wikipedia.org/wiki/Reader_Rabbit%27s_Reading_Development_Library,Educational,description
1324,Reader Rabbit's Reading Development Library 4,1995,[The Learning Company],[The Learning Company],https://en.wikipedia.org/wiki/File:Reader_Rabbit_Development_Library_1_Boxart.gif,https://en.wikipedia.org/wiki/Reader_Rabbit%27s_Reading_Development_Library,Educational,description
1325,Reader Rabbit's Ready for Letters,1993,[The Learning Company],[The Learning Company],https://en.wikipedia.org/wiki/File:Reader_Rabbit_Ready_for_Letters_Cover.jpg,https://en.wikipedia.org/wiki/Reader_Rabbit%27s_Ready_for_Letters,Educational,description
1326,Realmz,1994,[Fantasoft],[Fantasoft],https://en.wikipedia.org/wiki/File:Realmzintro.png,https://en.wikipedia.org/wiki/Realmz,RPG,description
1327,Red Baron (1990 video game),1992,[Dynamix],[Dynamix],https://en.wikipedia.org/wiki/File:Red_Baron_Coverart.png,https://en.wikipedia.org/wiki/Red_Baron_(1990_video_game),Flight simulator,description
1328,Redneck Rampage,1999,n/a,n/a,https://en.wikipedia.org/wiki/File:Redneckrampage.jpg,https://en.wikipedia.org/wiki/Redneck_Rampage,n/a,description
1329,Return of the Incredible Machine: Contraptions,2000,[Sierra On-Line],[Sierra On-Line],https://en.wikipedia.org/wiki/File:The_Incredible_Machine_3.png,https://en.wikipedia.org/wiki/Return_of_the_Incredible_Machine:_Contraptions,Puzzle/physics,description
1330,Return to Zork,1993,[Activision],[Activision],https://en.wikipedia.org/wiki/File:Return_to_Zork_Coverart.png,https://en.wikipedia.org/wiki/Return_to_Zork,Adventure,description
1331,Rex Nebular and the Cosmic Gender Bender,1993,[MicroProse],[MicroProse],https://en.wikipedia.org/wiki/File:Rex_Nebular_cover.jpg,https://en.wikipedia.org/wiki/Rex_Nebular_and_the_Cosmic_Gender_Bender,Adventure,description
1332,RHEM,2002,[Knut Müller],[Knut Müller],n/a,https://en.wikipedia.org/wiki/RHEM,Adventure,description
1333,Riven,1997,[UbiSoft],[UbiSoft],https://en.wikipedia.org/wiki/File:Riven_Coverart.png,https://en.wikipedia.org/wiki/Riven,Puzzle,description
1334,Sacrifice,2001,[MacPlay],[MacPlay],https://en.wikipedia.org/wiki/File:Sacrifice_by_Interplay_-_box_art.jpg,https://en.wikipedia.org/wiki/Sacrifice_(video_game),Real-time strategy,description
1335,San Diego Zoo Presents: The Animals!,1992,[Arnowitz Studios],[Arnowitz Studios],https://en.wikipedia.org/wiki/File:The_Animals_Cover_art.jpg,https://en.wikipedia.org/wiki/San_Diego_Zoo_Presents:_The_Animals!,Educational,description
1336,The Secret of Monkey Island,1992,[Lucasfilm Games],[Lucasfilm Games],https://en.wikipedia.org/wiki/File:The_Secret_of_Monkey_Island_artwork.jpg,https://en.wikipedia.org/wiki/The_Secret_of_Monkey_Island,Adventure,description
1337,Shadow Wraith,1995,[Terminal Sunset],[Terminal Sunset],https://en.wikipedia.org/wiki/File:ShadowWraith-game-box-art.png,https://en.wikipedia.org/wiki/ShadowWraith,Arcade,description
1338,Sheep,2001,[Feral Interactive],[Feral Interactive],n/a,https://en.wikipedia.org/wiki/Sheep_(video_game),Family,description
1339,Shufflepuck Café,1989,"[Christopher Gross, Genes Portwood, Lauren Elliott]","[Christopher Gross, Genes Portwood, Lauren Elliott]",https://en.wikipedia.org/wiki/File:Shufflepuck_Caf%C3%A9_Coverart.png,https://en.wikipedia.org/wiki/Shufflepuck_Caf%C3%A9,Sports,description
1340,SimAnt,1991,[Maxis],[Maxis],https://en.wikipedia.org/wiki/File:SimAnt_Coverart.png,https://en.wikipedia.org/wiki/SimAnt,Simulation,description
1341,SimCity 2000,1993,[Maxis],[Maxis],https://en.wikipedia.org/wiki/File:SimCity_2000_Coverart.png,https://en.wikipedia.org/wiki/SimCity_2000,City-building,description
1342,SimCity 3000,1999,[Maxis],[Maxis],https://en.wikipedia.org/wiki/File:SimCity_3000_Coverart.png,https://en.wikipedia.org/wiki/SimCity_3000,City-building,description
1343,SimEarth,1990,[Maxis],[Maxis],https://en.wikipedia.org/wiki/File:Simearth-box.jpg,https://en.wikipedia.org/wiki/SimEarth,Simulation,description
1344,SimFarm,1994,[Maxis],[Maxis],https://en.wikipedia.org/wiki/File:SimFarm_Coverart.png,https://en.wikipedia.org/wiki/SimFarm,Simulation,description
1345,SimLife,1992,[Maxis],[Maxis],https://en.wikipedia.org/wiki/File:SimLifeCover.jpg,https://en.wikipedia.org/wiki/SimLife,Simulation,description
1346,The Simpsons Cartoon Studio,1996,[Big Top Productions],[Big Top Productions],https://en.wikipedia.org/wiki/File:Cartoonstudio2.jpg,https://en.wikipedia.org/wiki/The_Simpsons_Cartoon_Studio,Simulation,description
1347,The Simpsons: Virtual Springfield,1997,[Digital Evolution],[Digital Evolution],https://en.wikipedia.org/wiki/File:The_Simpsons_-_Virtual_Springfield_Coverart.png,https://en.wikipedia.org/wiki/The_Simpsons:_Virtual_Springfield,Adventure/Arcade,description
1348,The Sims,2000,[Aspyr Media],[Aspyr Media],https://en.wikipedia.org/wiki/File:Logo_of_The_Sims.png,https://en.wikipedia.org/wiki/The_Sims,Life Simulation,description
1349,Sim Theme Park/World,2000,[Zonic Limited/Feral Interactive],[Zonic Limited/Feral Interactive],https://en.wikipedia.org/wiki/File:SimThemeParkWorld.jpg,https://en.wikipedia.org/wiki/Sim_Theme_Park,Simulation/strategy,description
1350,SimTower,1994,[Maxis],[Maxis],https://en.wikipedia.org/wiki/File:SimTower_Coverart.png,https://en.wikipedia.org/wiki/SimTower,Construction Simulation,description
1351,SimTown,1995,[Maxis],[Maxis],https://en.wikipedia.org/wiki/File:SimTown_Coverart.jpg,https://en.wikipedia.org/wiki/SimTown,City-building,description
1352,Sky Shadow[54],1990,[Patrick Buckland/MacSoft],[Patrick Buckland/MacSoft],https://en.wikipedia.org/wiki/File:Sky-Shadow-game-cover-art.png,https://en.wikipedia.org/wiki/Sky_Shadow,Arcade,description
1353,Slater & Charlie Go Camping,1993,[Sierra On-Line],[Sierra On-Line],https://en.wikipedia.org/wiki/File:Slater_%26_Charlie_Go_Camping.jpg,https://en.wikipedia.org/wiki/Slater_%26_Charlie_Go_Camping,Educational,description
1354,Soldier of Fortune II: Double Helix,2002,[Raven Software],[Raven Software],https://en.wikipedia.org/wiki/File:SOF2gamecover.jpg,https://en.wikipedia.org/wiki/Soldier_of_Fortune_II:_Double_Helix,First-person shooter,description
1355,Souls in the System,1996,[Terminal Sunset],[Terminal Sunset],https://en.wikipedia.org/wiki/File:Souls-in-the-System-game-main-menu.png,https://en.wikipedia.org/wiki/Souls_in_the_System,Arcade,description
1356,Spectre,1991,[Peninsula Gameworks],[Peninsula Gameworks],https://en.wikipedia.org/wiki/File:Spectre_(video_game).jpg,https://en.wikipedia.org/wiki/Spectre_(1991_video_game),Vehicle combat,description
1357,Spectre Supreme,1993,[Green Dragon Creations],[Green Dragon Creations],https://en.wikipedia.org/wiki/File:Spectre_(video_game).jpg,https://en.wikipedia.org/wiki/Spectre_(1991_video_game),Vehicle combat,description
1358,Spectre VR[57],1994,[Green Dragon Creations],[Green Dragon Creations],https://en.wikipedia.org/wiki/File:Spectre_(video_game).jpg,https://en.wikipedia.org/wiki/Spectre_(1991_video_game),Simulation,description
1359,Spider-Man,2000,[Aspyr Media],[Aspyr Media],https://en.wikipedia.org/wiki/File:Spider-Man_2000_game_cover.jpg,https://en.wikipedia.org/wiki/Spider-Man_(2000_video_game),n/a,description
1360,StarFlyers: Alien Space Chase,2002,[The Learning Company],[The Learning Company],https://en.wikipedia.org/wiki/File:Starflyers_Logo.jpg,https://en.wikipedia.org/wiki/Starflyers,Educational,description
1361,StarFlyers: Royal Jewel Rescue,2002,[The Learning Company],[The Learning Company],https://en.wikipedia.org/wiki/File:Starflyers_Logo.jpg,https://en.wikipedia.org/wiki/Starflyers,Educational,description
1362,Spy Fox in ""Dry Cereal"",1997,[Humongous Entertainment],[Humongous Entertainment],https://en.wikipedia.org/wiki/File:SpyFox003.jpg,https://en.wikipedia.org/wiki/Spy_Fox_in_%22Dry_Cereal%22,Adventure,description
1363,Spy Fox 2: ""Some Assembly Required"",1999,[Humongous Entertainment],[Humongous Entertainment],https://en.wikipedia.org/wiki/File:SpyFox001.jpg,https://en.wikipedia.org/wiki/Spy_Fox_2:_%22Some_Assembly_Required%22,Adventure,description
1364,Spy Fox 3: ""Operation Ozone"",2001,[Humongous Entertainment],[Humongous Entertainment],https://en.wikipedia.org/wiki/File:SpyFox002.jpg,https://en.wikipedia.org/wiki/Spy_Fox_3:_%22Operation_Ozone%22,Adventure,description
1365,Star Trek: 25th Anniversary,1993,[Interplay],[Interplay],https://en.wikipedia.org/wiki/File:St25thannivboxsm.jpg,https://en.wikipedia.org/wiki/Star_Trek:_25th_Anniversary_(1992_video_game),Adventure,description
1366,Star Trek: The Promethean Prophecy,1988,[TRANS Fiction Systems],[TRANS Fiction Systems],https://en.wikipedia.org/wiki/File:Star_Trek_The_Promethean_Prophecy.jpg,https://en.wikipedia.org/wiki/Star_Trek:_The_Promethean_Prophecy,Interactive fiction,description
1367,Star Trek: Starfleet Command,1999,[14° East/Quicksilver Software],[14° East/Quicksilver Software],https://en.wikipedia.org/wiki/File:Fleet_Cover.jpg,https://en.wikipedia.org/wiki/Star_Trek:_Starfleet_Command,Strategy,description
1368,Star Wars,1988,[Atari],[Atari],https://en.wikipedia.org/wiki/File:Starwars_arcade.png,https://en.wikipedia.org/wiki/Star_Wars_(1983_video_game),Arcade/space combat,description
1369,Star Wars: Dark Forces,1995,[LucasArts],[LucasArts],https://en.wikipedia.org/wiki/File:Dark_Forces_box_cover.jpg,https://en.wikipedia.org/wiki/Star_Wars:_Dark_Forces,First person shooter,description
1370,Star Wars: DroidWorks,1998,[Lucas Learning],[Lucas Learning],https://en.wikipedia.org/wiki/File:Star_Wars_Droid_Works_cover.jpg,https://en.wikipedia.org/wiki/Star_Wars:_DroidWorks,Educational/adventure,description
1371,Star Wars Episode I: Racer,1999,[LucasArts],[LucasArts],https://en.wikipedia.org/wiki/File:SWracer.jpg,https://en.wikipedia.org/wiki/Star_Wars_Episode_I:_Racer,Racing,description
1372,Star Wars: Galactic Battlegrounds,2002,[Aspyr Media],[Aspyr Media],https://en.wikipedia.org/wiki/File:Swgbbox.jpg,https://en.wikipedia.org/wiki/Star_Wars:_Galactic_Battlegrounds,Real-time strategy,description
1373,Star Wars: Galactic Battlegrounds: Clone Campaigns,2002,[Aspyr Media],[Aspyr Media],https://en.wikipedia.org/wiki/File:Swgbbox.jpg,https://en.wikipedia.org/wiki/Star_Wars:_Galactic_Battlegrounds:_Clone_Campaigns,Real-time strategy,description
1374,Star Wars Jedi Knight II: Jedi Outcast,2002,[Aspyr Media],[Aspyr Media],https://en.wikipedia.org/wiki/File:Jedi_Outcast_pc_cover.jpg,https://en.wikipedia.org/wiki/Star_Wars_Jedi_Knight_II:_Jedi_Outcast,First person shooter,description
1375,Star Wars Math: Jabba's Game Galaxy,2000,[Lucas Learning],[Lucas Learning],n/a,https://en.wikipedia.org/wiki/Star_Wars_Math:_Jabba%27s_Game_Galaxy,Educational,description
1376,Star Wars: Pit Droids,2000,[Lucas Learning],[Lucas Learning],n/a,https://en.wikipedia.org/wiki/Star_Wars:_Pit_Droids,Educational/arcade,description
1377,Star Wars: Rebel Assault,1993,n/a,n/a,https://en.wikipedia.org/wiki/File:Swrebel1.jpg,https://en.wikipedia.org/wiki/Star_Wars:_Rebel_Assault,n/a,description
1378,Star Wars: Rebel Assault II: The Hidden Empire,1995,n/a,n/a,https://en.wikipedia.org/wiki/File:RAIIbox.jpg,https://en.wikipedia.org/wiki/Star_Wars:_Rebel_Assault_II:_The_Hidden_Empire,n/a,description
1379,StarCraft,1999,[Blizzard Entertainment],[Blizzard Entertainment],https://en.wikipedia.org/wiki/File:StarCraft_Logo.png,https://en.wikipedia.org/wiki/StarCraft,Real-time strategy,description
1380,StarCraft: Brood War,1999,[Blizzard Entertainment],[Blizzard Entertainment],https://en.wikipedia.org/wiki/File:Brood_War_box_art_(StarCraft).jpg,https://en.wikipedia.org/wiki/StarCraft:_Brood_War,Real-time strategy,description
1381,Stay Tooned!,1996,[Funnybone Interactive],[Funnybone Interactive],https://en.wikipedia.org/wiki/File:Stay_Tooned_CD_Cover.jpg,https://en.wikipedia.org/wiki/Stay_Tooned!_(video_game),Action-adventure,description
1382,Stronghold,2001,[Firefly Studios],[Firefly Studios],https://en.wikipedia.org/wiki/File:Stronghold_(2001)_Coverart.png,https://en.wikipedia.org/wiki/Stronghold_(2001_video_game),Real-time strategy,description
1383,Summoner,2001,[Volition],[Volition],https://en.wikipedia.org/wiki/File:Summonercover.jpg,https://en.wikipedia.org/wiki/Summoner_(video_game),Action RPG/adventure,description
1384,Super Wing Commander,1994,[Electronic Arts],[Electronic Arts],https://en.wikipedia.org/wiki/File:WingCommanderBox-front.jpg,https://en.wikipedia.org/wiki/Super_Wing_Commander,Space flight simulator,description
1385,Swamp Gas Visits the United States of America,1990,n/a,n/a,https://en.wikipedia.org/wiki/File:Swamp_Gas_Visits_the_United_States_of_America.jpg,https://en.wikipedia.org/wiki/Swamp_Gas_Visits_the_United_States_of_America,Educational game,description
1386,Syndicate,1994,[Bullfrog Productions],[Bullfrog Productions],https://en.wikipedia.org/wiki/File:Syndicate_Coverart.png,https://en.wikipedia.org/wiki/Syndicate_(video_game),Strategy,description
1387,TaskMaker,1993,[Storm Impact],[Storm Impact],https://en.wikipedia.org/wiki/File:Taskmaker_cover_art.jpg,https://en.wikipedia.org/wiki/TaskMaker,RPG,description
1388,Terminal Velocity,1996,[Terminal Reality],[Terminal Reality],https://en.wikipedia.org/wiki/File:Terminal_Velocity_Coverart.png,https://en.wikipedia.org/wiki/Terminal_Velocity_(video_game),Action,description
1389,Tetris,1988,[Spectrum HoloByte],[Spectrum HoloByte],,https://en.wikipedia.org/wiki/List_of_Tetris_variants,Puzzle,description
1390,The Tinies,1992,[Inline Design],[Inline Design],,https://en.wikipedia.org/wiki/Tinies,Puzzle,description
1391,Tomb of the TaskMaker,1997,[Storm Impact],[Storm Impact],https://en.wikipedia.org/wiki/File:Taskmaker_cover_art.jpg,https://en.wikipedia.org/wiki/TaskMaker,RPG,description
1392,Tomb Raider III: Adventures of Lara Croft,1999,[Core Design],[Core Design],https://en.wikipedia.org/wiki/File:Tomb_Raider_III.png,https://en.wikipedia.org/wiki/Tomb_Raider_III:_Adventures_of_Lara_Croft,Action/adventure,description
1393,Tomb Raider: The Last Revelation,2000,[Core Design],[Core Design],https://en.wikipedia.org/wiki/File:Tomb_Raider_-_The_Last_Revelation.png,https://en.wikipedia.org/wiki/Tomb_Raider:_The_Last_Revelation,Action/adventure,description
1394,Toy Story 2: Buzz Lightyear to the Rescue,2000,[Traveller's Tales],[Traveller's Tales],https://en.wikipedia.org/wiki/File:Toystory264.jpg,https://en.wikipedia.org/wiki/Toy_Story_2:_Buzz_Lightyear_to_the_Rescue,Action,description
1395,Traitors Gate[62],1999,[Daydream Software/DreamCatcher Interactive],[Daydream Software/DreamCatcher Interactive],https://en.wikipedia.org/wiki/File:Traitors_Gate_game_box_cover.png,https://en.wikipedia.org/wiki/Traitors_Gate_(video_game),Adventure,description
1396,Tropico,2001,[Feral Interactive],[Feral Interactive],https://en.wikipedia.org/wiki/File:Tropico_Coverart.png,https://en.wikipedia.org/wiki/Tropico,Simulation/strategy,description
1397,Trump Castle: The Ultimate Casino Gambling Simulation,1989,n/a,n/a,https://en.wikipedia.org/wiki/File:Trump_Castle_game_cover.jpg,https://en.wikipedia.org/wiki/Trump_Castle_(series),Casino & Cards,description
1398,Trump Castle II[64],1992,[Capstone],[Capstone],https://en.wikipedia.org/wiki/File:Trump_Castle_game_cover.jpg,https://en.wikipedia.org/wiki/Trump_Castle_(series),Casino & Cards,description
1399,U.F.O.s,1997,[Artech Digital Entertainment],[Artech Digital Entertainment],,https://en.wikipedia.org/wiki/U.F.O.s_(video_game),Adventure,description
1400,Unreal[65],1998,[Epic MegaGames/MacSoft],[Epic MegaGames/MacSoft],https://en.wikipedia.org/wiki/File:Unreal_Coverart.png,https://en.wikipedia.org/wiki/Unreal_(1998_video_game),First-Person Shooter,description
1401,Vette!,1989,[Sphere/Spectrum HoloByte],[Sphere/Spectrum HoloByte],https://en.wikipedia.org/wiki/File:Vette!_Coverart.png,https://en.wikipedia.org/wiki/Vette!,Racing,description
1402,Warcraft: Orcs & Humans,1994,[Blizzard Entertainment],[Blizzard Entertainment],https://en.wikipedia.org/wiki/File:Warcraft_-_Orcs_%26_Humans_Coverart.png,https://en.wikipedia.org/wiki/Warcraft:_Orcs_%26_Humans,Real-time strategy,description
1403,Warcraft II: Tides of Darkness,1996,[Blizzard Entertainment],[Blizzard Entertainment],https://en.wikipedia.org/wiki/File:Warcraft-2-Tides-Of-Darkness-Pc.jpg,https://en.wikipedia.org/wiki/Warcraft_II:_Tides_of_Darkness,Real-time strategy,description
1404,Warcraft III: Reign of Chaos,2002,[Blizzard Entertainment],[Blizzard Entertainment],https://en.wikipedia.org/wiki/File:WarcraftIII.jpg,https://en.wikipedia.org/wiki/Warcraft_III:_Reign_of_Chaos,Real-time strategy,description
1405,Warzone 2100,1999,[Pumpkin Studios],[Pumpkin Studios],https://en.wikipedia.org/wiki/Warzone_2100,Real-time strategy,description
1406,Where in the World Is Carmen Sandiego?,1985,[Brøderbund],[Brøderbund],https://en.wikipedia.org/wiki/File:Carmen_Sandiego_games.jpg,https://en.wikipedia.org/wiki/Where_in_the_World_Is_Carmen_Sandiego%3F,Educational,description
1407,Where in Space Is Carmen Sandiego?,1994,[Brøderbund],[Brøderbund],https://en.wikipedia.org/wiki/File:Where_in_Space_Is_Carmen_Sandiego%3F_cover.jpg,https://en.wikipedia.org/wiki/Where_in_Space_Is_Carmen_Sandiego%3F,Educational,description
1408,Who Wants to Be a Millionaire,2002,[Feral Interactive],[Feral Interactive],https://en.wikipedia.org/wiki/Who_Wants_to_Be_a_Millionaire,Quiz,description
1409,Wing Commander 3: Heart of the Tiger,1995,[Electronic Arts],[Electronic Arts],https://en.wikipedia.org/wiki/File:Wc3boxart.jpg,https://en.wikipedia.org/wiki/Wing_Commander_3:_Heart_of_the_Tiger,Space flight simulator,description
1410,Wing Commander 4: The Price of Freedom,1996,[Electronic Arts],[Electronic Arts],https://en.wikipedia.org/wiki/File:Wing_Commander_IV_-_The_Price_of_Freedom_Coverart.png,https://en.wikipedia.org/wiki/Wing_Commander_4:_The_Price_of_Freedom,Space flight simulator,description
1411,WingNuts,2001,[Freeverse Software],[Freeverse Software],n/a,https://en.wikipedia.org/wiki/WingNuts,Shooter,description
1412,Wipeout 2097,2002,[Psygnosis],[Psygnosis],https://en.wikipedia.org/wiki/File:WipEout2097Cover.jpg,https://en.wikipedia.org/wiki/Wipeout_2097,Racing,description
1413,Wishbringer,1985,[Infocom],[Infocom],https://en.wikipedia.org/wiki/File:Wishbringer_Coverart.png,https://en.wikipedia.org/wiki/Wishbringer,Interactive fiction,description
1414,Wolfenstein 3D,1994,[id Software],[id Software],https://en.wikipedia.org/wiki/File:Wolfenstein-3d.jpg,https://en.wikipedia.org/wiki/Wolfenstein_3D,First-person shooter,description
1415,Wordtris,1991,[Realtime Associates],[Realtime Associates],https://en.wikipedia.org/wiki/File:Wordtris_cover.jpg,https://en.wikipedia.org/wiki/Wordtris,Puzzle,description
1416,World of Xeen,1993,[New World Computing],[New World Computing],https://en.wikipedia.org/wiki/File:Might_and_Magic_V_cover.jpg,https://en.wikipedia.org/wiki/World_of_Xeen,RPG,description
1417,World War II Online: Battleground Europe,2002,[Cornered Rat Software],[Cornered Rat Software],https://en.wikipedia.org/wiki/File:World_War_II_Online_box.jpg,https://en.wikipedia.org/wiki/World_War_II_Online,MMOFPS,description
1418,Worms,1995,[Team17],[Team17],https://en.wikipedia.org/wiki/File:Worms_cover_art.jpg,https://en.wikipedia.org/wiki/Worms_(1995_video_game),Turn-based tactics,description
1419,The X-Files Game[69],1998,[Fox Interactive],[Fox Interactive],https://en.wikipedia.org/wiki/File:Thexfilesgamecover.jpg,https://en.wikipedia.org/wiki/The_X-Files_Game,Action/Adventure,description
1420,X-Mas Lemmings,1992,[DMA Design],[DMA Design],https://en.wikipedia.org/wiki/File:Lemmings-BoxScan.jpg,https://en.wikipedia.org/wiki/Christmas_Lemmings,Puzzle,description
1421,Yoot Tower (The Tower II in Japan),1998,[OPeNBooK9003/Sega],[OPeNBooK9003/Sega],https://en.wikipedia.org/wiki/File:Yoot_Tower_Coverart.png,https://en.wikipedia.org/wiki/Yoot_Tower,Construction Simulation,description
1422,You Don't Know Jack,1995,[Jellyvision/Berkeley Systems],[Jellyvision/Berkeley Systems],https://en.wikipedia.org/wiki/File:You_Don%27t_Know_Jack_(1995)_cover.jpg,https://en.wikipedia.org/wiki/You_Don%27t_Know_Jack_(1995_video_game),Party/trivia,description
1423,You Don't Know Jack: Louder! Faster! Funnier!,2000,[Jellyvision/Berkeley Systems],[Jellyvision/Berkeley Systems],https://en.wikipedia.org/wiki/File:You_Don%27t_Know_Jack_XXL.jpg,https://en.wikipedia.org/wiki/You_Don%27t_Know_Jack_(franchise),Party/trivia,description
1424,You Don't Know Jack: Movies,1997,[Jellyvision/Berkeley Systems],[Jellyvision/Berkeley Systems],https://en.wikipedia.org/wiki/File:You_Don%27t_Know_Jack_XXL.jpg,https://en.wikipedia.org/wiki/You_Don%27t_Know_Jack_(franchise),Party/trivia,description
1425,You Don't Know Jack: Offline,1999,[Jellyvision/Berkeley Systems],[Jellyvision/Berkeley Systems],https://en.wikipedia.org/wiki/File:You_Don%27t_Know_Jack_XXL.jpg,https://en.wikipedia.org/wiki/You_Don%27t_Know_Jack_(franchise),Party/trivia,description
1426,You Don't Know Jack: Sports,1996,[Jellyvision/Berkeley Systems],[Jellyvision/Berkeley Systems],https://en.wikipedia.org/wiki/File:You_Don%27t_Know_Jack_XXL.jpg,https://en.wikipedia.org/wiki/You_Don%27t_Know_Jack_(franchise),Party/trivia,description
1427,You Don't Know Jack: Television,1997,[Jellyvision/Berkeley Systems],[Jellyvision/Berkeley Systems],https://en.wikipedia.org/wiki/File:You_Don%27t_Know_Jack_XXL.jpg,https://en.wikipedia.org/wiki/You_Don%27t_Know_Jack_(franchise),Party/trivia,description
1428,You Don't Know Jack: Volume 2,1996,[Jellyvision/Berkeley Systems],[Jellyvision/Berkeley Systems],https://en.wikipedia.org/wiki/File:You_Don%27t_Know_Jack_XXL.jpg,https://en.wikipedia.org/wiki/You_Don%27t_Know_Jack_(franchise),Party/trivia,description
1429,You Don't Know Jack: Volume 3,1997,[Jellyvision/Berkeley Systems],[Jellyvision/Berkeley Systems],https://en.wikipedia.org/wiki/File:You_Don%27t_Know_Jack_XXL.jpg,https://en.wikipedia.org/wiki/You_Don%27t_Know_Jack_(franchise),Party/trivia,description
1430,You Don't Know Jack: Volume 4 - The Ride,1998,[Jellyvision/Berkeley Systems],[Jellyvision/Berkeley Systems],https://en.wikipedia.org/wiki/File:You_Don%27t_Know_Jack_XXL.jpg,https://en.wikipedia.org/wiki/You_Don%27t_Know_Jack_(franchise),Party/trivia,description
1431,Zone Raiders,1995,[Image Space Inc.],[Image Space Inc.],https://en.wikipedia.org/wiki/File:Zone_Raiders_EU_Cover.jpg,https://en.wikipedia.org/wiki/Zone_Raiders,Vehicle combat,description
1432,Zork I,1984,[Infocom],[Infocom],https://en.wikipedia.org/wiki/File:Zork_I_box_art.jpg,https://en.wikipedia.org/wiki/Zork_I,Interactive fiction,description
1433,Zork II,1984,[Infocom],[Infocom],https://en.wikipedia.org/wiki/File:Zork_II_box_art.jpg,https://en.wikipedia.org/wiki/Zork_II,Interactive fiction,description
1434,Zork III,1984,[Infocom],[Infocom],https://en.wikipedia.org/wiki/File:Zork_III_box_art.jpg,https://en.wikipedia.org/wiki/Zork_III,Interactive fiction,description
1435,Zork: Grand Inquisitor,2001,[Activision],[Activision],https://en.wikipedia.org/wiki/File:Zork_Grand_Inquisitor_Coverart.png,https://en.wikipedia.org/wiki/Zork:_Grand_Inquisitor,Adventure,description
1436,Zork Nemesis: The Forbidden Lands,1996,[Activision],[Activision],https://en.wikipedia.org/wiki/File:Zork_Nemesis_cover.png,https://en.wikipedia.org/wiki/Zork_Nemesis,Adventure,description
1437,Zork: The Undiscovered Underground,1998,[Activision],[Activision],n/a,https://en.wikipedia.org/wiki/Zork:_The_Undiscovered_Underground,Interactive fiction,description
1438,Zork Zero,1988,[Infocom],[Infocom],https://en.wikipedia.org/wiki/File:Zork_Zero_Coverart.png,https://en.wikipedia.org/wiki/Zork_Zero,Interactive fiction,description
1439,ZPC,1996,[Zombie Studios],[Zombie Studios],n/a,https://en.wikipedia.org/wiki/ZPC,First-person shooter,description
